,01brn,02symm,03max_BO,04mean_BO,05depthX,06depthY,07depthZ,08sholl100,09sholl200,10sholl300,11l200,12l300,13l400,14max_PL,15min_PL,16mean_PL,17max_lng,18mean_lng,19Total_lng,20max_lng_d,21mean_lng_d,22max_D,23mean_D,24GR2,25GR3,26max GR,27meanGR,28above2,name,file
0,2.303196057420489,-0.23184775866522372,1.0791812460476249,0.8481287186209651,2.686332335520298,2.4423229557455746,2.4239336448373057,1.4771212547196624,1.3424226808222062,0.7781512503836436,1.568201724066995,1.3424226808222062,1.0791812460476249,2.7869700708272775,2.06226254915187,2.4955074791041327,2.6027900767644097,1.7046665624530517,4.01429672987895,3.014744438607913,2.115247023689408,-0.2829131724759667,-0.8140892377869465,1.9030899869919435,0.0,0.3010299956639815,0.29412972607481447,-0.4001060704285453,neurogliaform,NMO_37063
1,2.4756711883244296,-0.27003035947462306,1.3010299956639813,0.9516784017288611,2.8869811445322022,2.672550397176725,1.7693034601890818,1.662757831681574,1.505149978319906,1.4313637641589874,1.7160033436347992,1.462397997898956,1.2304489213782739,2.8427538514779704,2.1057823210545505,2.5670930887946892,2.5764003303951446,1.76041538403561,4.240422326992761,2.939932833041494,2.0858960835821403,-0.04095859516261415,-0.6063899886270997,2.03342375548695,1.0791812460476249,0.7708728865731752,0.29819553646885893,-0.44224743283747997,neurogliaform,NMO_06139
2,2.173186268412274,-0.2774907015228336,1.146128035678238,0.8852272681005976,2.5637064803148926,2.424031808970005,2.3654318224904203,1.5440680443502757,0.8450980400142568,0.0,1.3617278360175928,0.9030899869919435,0.47712125471966244,2.764218808178278,2.087986551565624,2.5704255738206725,2.440399427278435,1.7531683052261628,3.9350118931709352,2.70413972146895,2.0092862774628237,0.3729119836653162,-0.4572579676274797,1.6812412373755872,1.0,0.8759256596137501,0.29029992811262095,-0.49194503103668685,neurogliaform,NMO_37721
3,2.320146286111054,-0.2636005524485298,1.2304489213782739,0.8758799148723801,2.713465341522406,2.7595771998605745,2.218036331200945,1.3617278360175928,1.3979400086720377,1.3617278360175928,1.7323937598229686,1.4471580313422192,1.2041199826559248,2.953706782798929,2.245745720592905,2.689896937035177,2.8114056115576593,1.8931514258112345,4.2194872867399855,3.1220062553059176,2.181682468526934,-0.17351085598970933,-0.5599454077363122,2.0492180226701815,1.0791812460476249,0.6216320466243219,0.31558151687264024,-0.2709282634408724,neurogliaform,NMO_37075
4,2.786041210242554,-0.3151453860578201,1.5185139398778875,1.1225093836015376,3.0259650007798573,2.881333291705074,2.4937925310696665,1.8573324964312685,1.5797835966168101,1.2787536009528289,1.9493900066449128,1.6020599913279625,1.3424226808222062,3.086057126085906,1.8686352037224596,2.623596540131361,2.7753467593257155,1.6403691984321467,4.428537569573315,3.187301121169219,2.050930915814287,-0.011604357115163083,-0.8064816837108795,2.3909351071033793,0.0,0.3025622845339194,0.2931076338907288,-0.3951061031391751,neurogliaform,NMO_37076
5,2.6053050461411096,-0.2194786814101841,1.0791812460476249,0.883115759900392,2.8160821400283953,2.539063546747749,2.3969138623652726,1.8750612633917,1.255272505103306,0.6020599913279624,1.9493900066449128,1.6989700043360187,1.4471580313422192,2.8962398655347212,2.141614935790947,2.510072712469208,2.698802689175837,1.7251984213013938,4.333724454878587,3.1107570510193403,2.136504870457999,0.07003787101387732,-0.8104073724306098,2.146128035678238,0.0,0.3010299956639816,0.29446365348018155,-0.4591770104628714,neurogliaform,NMO_37062
6,2.315970345456918,-0.24375442186862972,1.041392685158225,0.8797237686677309,2.445993181787647,2.7727909606658216,2.5094310382437173,1.3617278360175928,0.6020599913279624,0.3010299956639812,1.6812412373755872,1.380211241711606,1.146128035678238,2.872918912323091,1.8433529705594736,2.478983418605983,2.561332151150449,1.705769580369497,4.027988875103416,2.973286512993953,2.115674912850248,-0.08955844871559156,-0.7963682441070792,1.9344984512435677,0.0,0.30102999566398175,0.28725502518568363,-0.38147189421335004,neurogliaform,NMO_37243
7,2.089905111439398,-0.3306601256189927,1.2787536009528289,0.9124666795876093,2.5228092526036705,2.907491977267452,2.1346869925568535,1.3979400086720377,1.255272505103306,0.47712125471966244,1.4313637641589874,1.3424226808222062,1.3010299956639813,2.9001504241381735,2.2814017928155645,2.5988429945126894,2.774875693967858,1.8589095911461142,3.9592801362636774,3.1868300558113614,2.268679771916311,-0.2314994914441759,-0.8106573062252465,1.7481880270062005,0.0,0.3010299956639817,0.2945164775085541,-0.34171708443319754,neurogliaform,NMO_37059
8,2.320146286111054,-0.2636005524485298,1.2304489213782739,0.8758799148723801,2.6104472214421213,2.7251108783810287,2.206610023899224,1.5185139398778875,1.2304489213782739,0.6020599913279624,1.7075701760979363,1.3424226808222062,1.1760912590556813,2.8314891274632634,2.039888428760424,2.5217335937711365,2.7150761785811017,1.7383632842202268,4.064699145148978,3.1270305404246055,2.149219879237684,-0.1703967419583145,-0.813530772572462,1.9242792860618816,0.0,0.30102999566398175,0.29557169251926757,-0.39586700004917236,neurogliaform,NMO_37517
9,1.8388490907372552,-0.21871291507482493,0.9030899869919435,0.6867355479190071,2.915774338435374,2.6350914983243756,2.368733039704047,1.041392685158225,0.9542425094393249,0.6989700043360189,1.2041199826559248,1.0,0.8450980400142568,2.900095376556402,2.0240614666801227,2.618081097619536,2.6211396338898636,1.822240420923879,3.6795729173551477,2.9499282946553955,2.1442658891637705,-0.05803358156636082,-0.6020926742394139,1.255272505103306,0.0,0.30102999566398186,0.2745547611886664,-0.5835765856339492,neurogliaform,NMO_37640
10,1.7558748556724915,-0.2863283283963313,0.9030899869919435,0.6887163699704659,2.376339672571035,2.6032418342604853,2.1798963326207064,1.0791812460476249,0.6989700043360189,0.0,1.0,0.6989700043360189,0.6989700043360189,2.644940493309807,2.1555339544758976,2.431532659799883,2.4216110855688413,1.7387307293225214,3.5168819797061652,2.833565447412345,2.1467998964537225,-0.29797008908214395,-0.8031783845825304,1.255272505103306,0.0,0.3010299956639816,0.28775021781774596,-0.5006023505691853,neurogliaform,NMO_37623
11,1.9395192526186185,-0.23613750862455787,0.9542425094393249,0.7386044098379052,2.3771240423464564,3.035021269315129,2.3946792755450987,1.1760912590556813,1.0791812460476249,0.6989700043360189,1.462397997898956,1.255272505103306,1.0791812460476249,3.007239690820922,2.0312039455282944,2.645939800955352,2.7877369386766406,1.9060908992664876,3.8603334087058125,3.199691300520144,2.3155231977234574,-0.30268153266518016,-0.8118345102932847,1.4771212547196624,0.0,0.3010299956639816,0.29580006999396463,-0.4623979978989561,neurogliaform,NMO_37661
12,2.3364597338485296,-0.2411295627878943,1.1139433523068367,0.8487487749063524,2.68414490100605,2.7237839369653294,1.6918768225593313,1.591064607026499,1.3617278360175928,1.0791812460476249,1.6020599913279625,1.414973347970818,1.1139433523068367,2.8128647261999604,1.8917376722100137,2.4719471349103777,2.4781044805516736,1.7523927376029413,4.0948154184251475,2.905040461788056,2.1048404693685425,0.0439633363836517,-0.6616654888256858,2.0086001717619175,0.9030899869919435,0.5066954564546685,0.2958834313264132,-0.32785956208661193,neurogliaform,NMO_06138
13,2.2227164711475833,-0.20410717073541634,1.0791812460476249,0.7948569438864963,2.6763643353293975,2.8296382116275622,2.430413711892598,1.414973347970818,1.0791812460476249,0.6020599913279624,1.5185139398778875,1.1760912590556813,1.0,2.8729082797100647,2.0086277347544046,2.534602819759107,2.6148885615520587,1.7882570644659233,4.018705985844197,2.946428028487613,2.0855938367313707,-0.19069336083664212,-0.5574512030979742,1.9030899869919435,1.0791812460476249,0.5708236913889442,0.2998832947025085,-0.3196264841556397,neurogliaform,NMO_37625
14,2.82020145948564,-0.3210498535206135,1.4771212547196624,1.1005573786252425,2.6946666099727556,2.66255952153951,2.401865607199611,1.8388490907372552,1.4913616938342726,0.47712125471966244,1.7558748556724915,1.380211241711606,0.9542425094393249,2.991322303678265,2.084258106272575,2.6166114761867565,2.5454863873927596,1.5675720862981362,4.389740165666154,2.851839928821537,1.883372200896725,-0.24759097171756952,-0.613136937659677,2.515873843711679,1.7323937598229686,0.740859853471042,0.31618553146928624,-0.3043276157739611,neurogliaform,NMO_37720
15,2.7299742856995555,-0.2780397500639073,1.2304489213782739,0.9818521511949255,2.8287372121125176,3.0825986912498187,2.0893398077710312,1.7558748556724915,1.380211241711606,1.1139433523068367,1.7781512503836436,1.4771212547196624,1.0791812460476249,3.13997464067045,1.9999966339478308,2.568727842292719,2.8189094502781855,1.5786191221702155,4.311012881993184,3.230863812121689,1.9897785010126703,-0.04196623349928246,-0.8194151614748312,2.3180633349627615,0.0,0.3010299956639815,0.2997478516635351,-0.41191095073679407,neurogliaform,NMO_37061
16,2.603144372620182,-0.2556017348851165,1.2041199826559248,0.9443360583586777,3.0327476603046315,2.6686281593438146,2.0782029825036856,1.7160033436347992,1.2041199826559248,0.7781512503836436,1.6232492903979006,1.0791812460476249,0.6020599913279624,2.940957987043663,2.20291500786596,2.4828231646567427,2.678830301978519,1.547921917234935,4.1543032823455395,3.090784663822022,1.9578305416111539,-0.06904912876975622,-0.8099929157278697,2.1522883443830563,0.0,0.3010299956639817,0.29305762624682974,-0.45085602823712584,chandelier,NMO_37247
17,2.503790683057181,-0.3667332469492662,1.662757831681574,1.2781853385467232,2.410490420003448,2.4902675758308126,1.8840586470939384,1.380211241711606,0.6989700043360189,0.0,1.0,0.0,0.0,3.016554660220971,1.8469304775121638,2.6741341461532295,2.1829265363654544,1.3115040808708054,3.8193599525666366,2.4922753169480862,1.7469613660613366,0.3344537564239985,-0.810901378296004,1.9444826721501687,0.0,0.4308374623122741,0.2764000683121382,-0.5593080109070125,chandelier,NMO_37424
18,2.7067177823367587,-0.3579301272967014,1.462397997898956,1.1898388972175686,2.5574470461493592,2.646315485874714,2.3058026291849045,1.0,1.1760912590556813,0.9542425094393249,0.9030899869919435,0.6989700043360189,0.3010299956639812,2.758714372405371,1.737138080379579,2.490360571415762,2.427170833405006,1.324136639069981,4.0334066000458115,2.8391251952485095,1.7296668499035504,0.03999722823102566,-0.7846802138945133,2.2648178230095364,0.3010299956639812,0.5412627218936897,0.2881407078736747,-0.44189995932722226,chandelier,NMO_37763
19,3.184975190698261,-0.34145131497791414,1.5440680443502757,1.1953438916661834,2.616444004076933,2.6129638927195424,2.4690410563451577,1.9731278535996986,1.662757831681574,0.6989700043360189,1.4771212547196624,0.8450980400142568,0.3010299956639812,2.9753732667383965,2.0304519622626045,2.632861184702759,2.4496556455633227,1.4033236103037086,4.589148969916671,2.741199799014708,1.6612078441570914,0.04958912743435326,-0.4593817100160783,2.8182258936139557,2.1271047983648077,1.1723275624710934,0.3482184779459912,-0.36674929708430554,chandelier,NMO_07472
20,2.0453229787866576,-0.36026098478078283,1.1760912590556813,0.8673744347254091,2.4585925289760158,2.464221197534449,2.0189084443163274,0.6020599913279624,1.0,0.0,0.8450980400142568,0.3010299956639812,0.0,2.6334562681287665,2.190623870253643,2.4679600468617595,2.1966952552648324,1.4528065088843316,3.509711360220804,2.6086496171083358,1.857648741298895,-0.2620017131140709,-0.8117560075807577,1.6434526764861874,0.0,0.3010299956639815,0.29421084256586366,-0.40187030230047,chandelier,NMO_37391
21,2.8651039746411278,-0.3857387662419504,1.7558748556724915,1.4031951486322956,2.6849440537211704,2.518118947143153,2.0500702643674384,1.2041199826559248,1.414973347970818,1.041392685158225,1.0,0.0,0.0,3.266991535404003,2.095695088818,2.9072378042599145,2.2387948643192983,1.3804460247999446,4.247323839137444,2.500234228330811,1.626357063430296,-0.013018495262323175,-0.48713584454110725,2.330413773349191,0.7781512503836436,0.639046291521233,0.2908944226564515,-0.534690201291937,chandelier,NMO_35831
22,1.9294189257142929,-0.28609255531947264,1.1139433523068367,0.8815921305506578,2.199645493080167,2.41589107750278,2.0727276895852658,0.0,0.6989700043360189,0.0,0.0,0.0,0.0,2.6750589898534245,1.7785303937113137,2.4871715794922435,1.967756060928503,1.4876878476217978,3.432170519771966,2.199417741251031,1.6938059976491737,0.13353891293832953,-0.360648003010224,1.414973347970818,0.0,0.41879837254878033,0.23443949510417772,-0.5144455777434748,chandelier,NMO_37114
23,2.6424645202421213,-0.24107661939493202,1.2304489213782739,0.9779304121889001,2.59321958828748,2.8262238632826944,2.293760199618124,0.7781512503836436,1.6334684555795866,1.1760912590556813,1.146128035678238,0.6020599913279624,0.0,2.8640267407980677,2.2331722098485587,2.561298642080542,2.40551107215839,1.436577778948702,4.082000048297794,2.582242728763564,1.6794234963449886,0.3436283410660225,-0.4162179630267543,2.2405492482825995,1.7160033436347992,0.8718317330538838,0.3035714402811955,-0.40191527195952165,chandelier,NMO_37133
24,2.88930170250631,-0.3943415163437569,1.6901960800285136,1.254216809124493,2.68020856119211,2.6865737120538817,2.0609621130938325,1.3222192947339193,1.146128035678238,1.1760912590556813,1.1760912590556813,0.7781512503836436,0.0,3.176801787509887,2.2936094342059805,2.7787895964791325,2.3319312708060767,1.3646786022250632,4.255658199214752,2.6488631004751038,1.6056558981240008,0.09864371385382051,-0.39429153504377557,2.5327543789924976,2.305351369446624,1.0808630953516787,0.40957533520120615,-0.3565473235138126,chandelier,NMO_04548
25,2.4983105537896004,-0.36768649356678496,1.6532125137753437,1.2600263623791144,2.409070437559028,2.4877462450724406,1.8840586470939384,1.3617278360175928,0.6989700043360189,0.0,1.0,0.0,0.0,3.0144404035116925,1.8153146249054812,2.6727645340062973,2.0318306550105563,1.3010932837150797,3.8035204036995127,2.492240036840363,1.7459246239002555,0.05176147971647804,-0.8418126180287173,1.9344984512435677,0.0,0.4306996379217588,0.2803144704341228,-0.5638121025460328,chandelier,NMO_37537
26,3.162862993321926,-0.33915771795041055,1.4771212547196624,1.1776770005961843,2.4995771207284876,2.632669831873192,2.198684573077143,1.3222192947339193,1.591064607026499,1.505149978319906,0.6020599913279624,0.0,0.0,2.779060772493029,1.9547114091797968,2.514565896498774,2.066282112859335,1.1812941714304417,4.345051695412398,2.4782364747028383,1.5901852880359442,-0.035673338290492705,-0.8143430060868438,2.6884198220027105,0.0,0.43614719387806217,0.29817252291548196,-0.47444317131921554,chandelier,NMO_37138
27,3.1652443261253107,-0.34173792231380107,1.5314789170422551,1.2356111119319537,2.4912496033750355,2.495932670123044,2.3194392030460493,1.6901960800285136,1.7993405494535817,0.3010299956639812,0.9542425094393249,0.0,0.0,2.725074664302983,1.8372121776882382,2.4621870043425496,2.0567044744063967,1.2486007355695434,4.414734705874653,2.4686588362499005,1.6582188221128102,0.05690485724028988,-0.8033026298460698,2.717670503002262,0.7781512503836436,0.7752784512480545,0.29523516239583913,-0.4475738231230487,chandelier,NMO_37818
28,3.061829307294699,-0.33689729972178917,1.462397997898956,1.1844015883844268,2.4212912539188607,2.4847694777161733,2.130333768495006,1.5440680443502757,1.6127838567197355,0.6020599913279624,0.9542425094393249,0.47712125471966244,0.0,2.6416999397880625,1.923954857679378,2.4387143676957344,2.1081566065035404,1.2171079717644198,4.28006580584893,2.5201109683470437,1.6282775841249206,0.02949891881585741,-0.8216098928498272,2.621176281775035,0.0,0.3010299956639817,0.3008416224309679,-0.4406530255196638,chandelier,NMO_37821
29,3.2000292665537704,-0.33140057498664155,1.462397997898956,1.1130588847441936,2.6607042470706794,2.7497904058192635,2.273417994771454,1.6901960800285136,1.7853298350107671,0.6989700043360189,1.041392685158225,0.6020599913279624,0.3010299956639812,2.795316534913122,2.0348488019087525,2.495764159099432,2.431953212110096,1.2456241291880839,4.446474627279161,2.8439075739536,1.6562527265328768,-0.06224879853587317,-0.8180830483690705,2.7528164311882715,0.0,0.3010299956639817,0.2978675370092055,-0.4472128353654989,chandelier,NMO_37764
30,2.8188854145940097,-0.29295304357801827,1.3010299956639813,0.9982909533674342,2.6848633073266077,2.944344465553711,2.075619945928776,1.6812412373755872,1.3979400086720377,0.7781512503836436,1.591064607026499,1.2041199826559248,0.47712125471966244,2.823905328164469,2.0493660801131943,2.5301982969992207,2.5234433126531473,1.4215242724042583,4.242382261843958,2.983852694482954,1.8730964315835634,0.2588709456814706,-0.8755835163768133,2.3138672203691533,0.7781512503836436,0.7318462975605662,0.29737131617956947,-0.5050181942248565,chandelier,NMO_37548
31,2.7535830588929064,-0.3129062069062871,1.3424226808222062,1.0216969490189187,2.9627196609848174,2.879663476115607,2.477743297785946,1.2787536009528289,1.2787536009528289,1.2304489213782739,1.4771212547196624,0.9542425094393249,0.6989700043360189,2.970669850092979,2.168691250356476,2.600792104553655,2.3838453252815666,1.4410602849434027,4.196935140615894,2.79579968712507,1.8514605473397152,-0.009459862686675726,-0.8188513200683256,2.322219294733919,0.0,0.3192259485668922,0.29923491512652844,-0.43136376415898736,chandelier,NMO_36983
32,2.0969100130080562,-0.3145446043065447,1.2304489213782739,0.9561233893038812,2.724251286198503,2.7395327894173307,1.414973347970818,1.1139433523068367,1.3222192947339193,0.47712125471966244,1.3222192947339193,0.9542425094393249,0.6989700043360189,2.7458559204221955,1.9192079238139679,2.4840830809006356,2.4223244582280086,1.677348921474796,3.7845588911226646,2.8653527900395033,2.083781495563226,0.03323672521217539,-0.6742834242070365,1.6812412373755872,1.0,0.6517607226480058,0.2868252593200734,-0.4156687756324692,Martinotti,NMO_06140
33,2.9132839017604186,-0.2829499414044619,1.414973347970818,1.0746224952326588,2.8612774619227417,2.951890964335531,2.084576277934331,1.4913616938342726,1.8129133566428555,1.5185139398778875,1.9867717342662448,1.6532125137753437,1.3424226808222062,2.8618132234848885,2.0485334468423906,2.551294441988543,2.57531564236337,1.5578400168128155,4.472711834352866,3.066755238548856,1.971151301368973,-0.09995545337894733,-0.7328672146822779,1.9822712330395684,1.0,0.7627580078684442,0.21570908277714812,-0.9310126687208501,Martinotti,NMO_79459
34,2.503790683057181,-0.4402064720918767,1.5440680443502757,1.1890244999869313,2.967852063068586,3.0743811970031816,2.2018339304743506,1.2787536009528289,1.2041199826559248,1.2041199826559248,1.8260748027008264,1.6434526764861874,1.3424226808222062,3.277504613174952,2.338019757307645,2.9150985474356927,2.5972012016844603,1.7025610195861671,4.210416891281998,3.001194575087552,2.106430033996025,0.08888360819365018,-0.7507940828483788,2.0569048513364727,0.6020599913279624,0.8670917459538634,0.2877184018714245,-0.44688583172070856,Martinotti,NMO_37297
35,2.503790683057181,-0.31100132373546013,1.4471580313422192,1.0969100130080565,2.918444502329947,3.0933166012043314,1.9675011747228415,1.4313637641589874,1.255272505103306,0.9542425094393249,1.5797835966168101,1.3010299956639813,1.0791812460476249,3.066628834117904,1.829010644243541,2.5489430349593443,2.7634640399983974,1.6229576725347115,4.130813544230542,3.2446361133312096,1.9694694227457945,0.06649615777506031,-0.566594948770394,1.505149978319906,0.3010299956639812,0.6831257910999552,0.2087542765662856,-0.9986407047372752,Martinotti,NMO_79463
36,2.683947130751512,-0.2806568824169385,1.2304489213782739,0.9615285093117076,2.8370705111025285,2.928180700289682,2.101643985490313,1.6901960800285136,1.3617278360175928,0.9030899869919435,1.7403626894942439,1.3617278360175928,1.1139433523068367,2.862611165756768,2.0431521872238214,2.4782395082361512,2.6580964094413373,1.5593961875217053,4.246032456783999,3.042871946468144,1.9596877119874394,-0.26042818223829023,-0.719471703070475,1.662757831681574,0.0,0.4458136260377786,0.2238850132810255,-1.021189299069938,Martinotti,NMO_79462
37,2.184691430817599,-0.27342917340641054,1.041392685158225,0.7972142564331398,2.8065394752662502,3.1272117383160465,2.067480023931483,0.8450980400142568,1.2787536009528289,1.0,1.505149978319906,1.3222192947339193,1.041392685158225,3.107851888241681,2.362430473862265,2.6776241436330244,2.6246179578447855,1.7651517179253633,3.958276316279825,3.0365723196882892,2.166698755255151,0.17591554830213227,-0.7229152888213358,1.7323937598229686,0.0,0.30102999566398214,0.2754649827474803,-0.45229767099463025,Martinotti,NMO_37290
38,2.2764618041732443,-0.28805770118358126,1.2787536009528289,1.002705893375925,2.7363965022766426,3.0095146329729743,2.7328921081939512,0.6989700043360189,0.6989700043360189,1.0,1.7160033436347992,1.462397997898956,1.255272505103306,3.1747630210711195,2.3466285921129497,2.9181414116076567,2.9216558425288284,1.8243076147777078,4.107608843481257,3.3336102043723317,2.2219942834494746,0.3399341064353568,-0.7381607539460686,1.8573324964312685,0.0,0.3010299956639816,0.26860664711246235,-0.4191293077419757,Martinotti,NMO_37291
39,3.116939646550756,-0.33898415477684624,1.5440680443502757,1.2519125905465596,2.9351443624716125,3.0820381721087453,2.639506410576904,1.2304489213782739,1.2787536009528289,1.3424226808222062,2.05307844348342,1.568201724066995,1.255272505103306,3.184864866738821,2.2472616292750773,2.894416673648317,2.617049227608347,1.517890555406328,4.635824390445969,3.0290035894518503,1.9188078849363603,0.43616265007500876,-0.762913787551146,2.7058637122839193,1.0791812460476249,0.7181516661102987,0.28948936197549735,-0.41107593426683653,Martinotti,NMO_37672
40,2.5854607295085006,-0.287717816125256,1.1760912590556813,0.9325679025211684,2.3312855455870096,2.7705501088712645,2.256862005896403,1.6020599913279625,1.2041199826559248,0.7781512503836436,1.7242758696007892,1.4313637641589874,1.0791812460476249,2.784326563733315,1.997505002953558,2.462764853301964,2.552369228461453,1.573016681756283,4.16184840735049,3.16329360812325,2.008613678010243,0.03671171345157548,-0.7517695386654669,1.7481880270062005,0.3010299956639812,0.5023399595600697,0.20629957027738047,-0.8372727025023002,Martinotti,NMO_79465
41,2.663700925389648,-0.260926084482472,1.2304489213782739,0.9380320520163805,2.7829167247126128,2.7768681882134656,2.036588976755404,1.5440680443502757,1.7781512503836436,1.3222192947339193,1.9912260756924949,1.6532125137753437,1.4471580313422192,2.8225466342519887,2.2179667093252955,2.55486683655629,2.5548683137238073,1.6502516007461443,4.316769581301025,2.943226789208299,2.110922975669738,-0.055415681211687454,-0.8311607892260556,1.9444826721501687,1.2041199826559248,0.6061152471233215,0.22384067372409622,-0.7192182532394795,Martinotti,NMO_79458
42,2.7611758131557314,-0.26091801253573527,1.2304489213782739,0.9448228950284404,2.899295093170268,2.664341061300606,2.0933166012043314,0.6989700043360189,1.9590413923210936,1.041392685158225,1.8129133566428555,1.505149978319906,1.1760912590556813,2.784977180765907,2.139567805342346,2.4892052372500952,2.500417057149946,1.5425316995242473,4.305959693087185,2.847369030000526,1.957337684070553,-0.14800235992020064,-0.7568661924270038,2.0170333392987803,1.0,0.654356246744293,0.23176929637961058,-0.7441424738569511,Martinotti,NMO_79457
43,2.7664128471123997,-0.3947259452840367,1.6232492903979006,1.2805830314554114,3.1916940842678265,3.2580886814869094,2.3587531397615207,1.2304489213782739,1.0791812460476249,1.0791812460476249,1.6901960800285136,1.3979400086720377,1.1760912590556813,3.4189249618218667,2.2875857551587644,2.979381243694325,2.725142963898164,1.5583910973787014,4.326288713396791,2.9850105983172255,1.8668071131337178,-0.07058109255815583,-0.5461437072715846,2.401400540781544,1.845098040014257,1.2995141686389948,0.34711223268695374,-0.3650123063308554,Martinotti,NMO_37190
44,2.330413773349191,-0.32135119123287675,1.2787536009528289,1.1156413247206713,2.9430094973461984,2.6893976628212823,2.2508589545992947,1.5797835966168101,1.414973347970818,0.7781512503836436,1.8129133566428555,1.5797835966168101,1.380211241711606,3.130029759668648,2.155963820179169,2.827115605515188,2.6930809096725477,1.843799975645557,4.178253726796488,3.1513321745154848,2.2566501414242017,0.3949708108867214,-0.7069212261911183,1.8195439355418688,0.3010299956639812,0.5242339143099345,0.2754558912751764,-0.5108698378073222,Martinotti,NMO_37787
45,2.7067177823367587,-0.3558760707862418,1.4771212547196624,1.120676734965805,3.092976655618654,2.996393450913548,2.5184349700655226,1.3010299956639813,1.2041199826559248,1.1139433523068367,1.8573324964312685,1.5185139398778875,1.2787536009528289,3.0822954813055414,2.197760678037521,2.724295594467937,2.5885605774079985,1.6099138106740316,4.319183771649862,3.0005149392515023,2.017371350141208,0.16879200978429632,-0.7647845232745429,2.1986570869544226,0.3010299956639812,0.658605882327313,0.2758611339598829,-0.5080606953823361,Martinotti,NMO_37301
46,2.432969290874406,-0.26296108124076195,1.2041199826559248,0.9105543002277727,2.867261193187285,2.6651211271244977,2.2526831619321976,0.9542425094393249,1.5797835966168101,1.3617278360175928,1.7160033436347992,1.3424226808222062,1.1139433523068367,2.908506075659823,2.2488131159093365,2.6676957295247137,2.7007714675389654,1.7746526752494283,4.212403238069816,3.0555748861579928,2.0674959148814436,0.0664813863178058,-0.48676473301350565,1.3424226808222062,0.0,0.4658574816022656,0.16196196148748063,-1.0905466100521994,Martinotti,NMO_79464
47,1.255272505103306,-0.6818064064156286,1.0,0.7363965022766424,2.4053122027584193,3.17260293120986,2.032900678732676,0.6020599913279624,0.3010299956639812,0.0,0.6989700043360189,0.6020599913279624,0.47712125471966244,3.1722464143775317,1.7739901781043057,2.83791619572216,3.027317005432953,2.0986776414760104,3.3997076371399917,3.345810978418905,2.3743983242329905,0.49999562722693547,-0.04490260814934651,0.3010299956639812,0.3010299956639812,0.6561832776019041,0.15723043109681603,-0.9542425094393249,Martinotti,NMO_36965
48,2.2624510897304293,-0.2978935089916181,1.1760912590556813,0.8986898026247145,2.95325699127066,3.0684159397469286,2.3551640665152047,0.9542425094393249,1.3222192947339193,1.041392685158225,1.7242758696007892,1.4913616938342726,1.2787536009528289,3.094492140055329,2.2676080204677063,2.7131558116106804,2.5591850760169312,1.7902556942007852,4.059768638418701,2.9711394378604346,2.192992168831845,-0.13167908910124743,-0.7932185981976732,1.8692317197309762,0.3010299956639812,0.5588439859659745,0.3008248154514106,-0.3932193699994533,bitufted,NMO_37099
49,2.204119982655925,-0.3005836470544731,1.1139433523068367,0.9054294011699537,2.933401230299688,2.8220241627750684,2.3880123433641907,1.462397997898956,1.3222192947339193,0.9030899869919435,1.7481880270062005,1.4771212547196624,1.3222192947339193,3.0074647252602107,2.291949110299542,2.7586016942332923,2.7544699915796813,1.9065041770634545,4.116019191606085,3.1664243534231846,2.3121147735127683,-0.057696821562951466,-0.7805586701704278,1.7634279935629373,0.0,0.4418867891776199,0.2951188321282934,-0.4406919890929875,bitufted,NMO_37244
50,2.075546961392531,-0.27412817159378683,1.1760912590556813,0.8972664564497863,3.112584894843124,3.1586217849907956,3.006791106581458,0.7781512503836436,1.1760912590556813,1.0,1.8325089127062364,1.6901960800285136,1.505149978319906,3.227844681819745,2.4433980363307035,2.8686999555178687,2.9612194619660808,2.107878954025683,4.194238784700431,3.373173823809584,2.518790130167109,-0.5376308424612534,-0.8201885955498172,1.7160033436347992,0.0,0.30102999566398175,0.29802469750625465,-0.3595436177577316,bitufted,NMO_37110
51,1.863322860120456,-0.23629090075024978,0.9542425094393249,0.7157835033456689,2.988425170006303,2.980671352785916,2.025264892154508,0.7781512503836436,1.2304489213782739,1.0,1.462397997898956,1.3222192947339193,1.2041199826559248,2.976943752521442,2.3528384885974614,2.7350534909404938,2.6779941208693963,1.993937819777872,3.8747514120586635,3.0899484827128996,2.400032370600601,-0.08561336150479562,-0.7893874363241578,1.4471580313422192,0.0,0.30102999566398175,0.28459993868121114,-0.4161648287782367,bitufted,NMO_37776
52,2.075546961392531,-0.3444561749375462,1.3222192947339193,0.9294189257142927,2.6555225962534177,2.7580864028167555,2.00518051250378,0.6989700043360189,1.146128035678238,1.0,1.380211241711606,1.1760912590556813,0.9030899869919435,2.843570831699031,2.279501260674074,2.5831488002552057,2.536387093966405,1.710580028965934,3.7969398596406823,2.948341455809908,2.117213741100409,-0.2791946665033512,-0.8085920765709305,1.6020599913279625,0.0,0.4352240183004645,0.30009180736562263,-0.4734869700645683,bitufted,NMO_37324
53,2.45484486000851,-0.325114365476819,1.3010299956639813,1.0579353945351428,2.9491703640150098,2.9441074375866303,2.1927068066128585,1.505149978319906,1.6334684555795866,1.4771212547196624,2.093421685162235,1.9294189257142929,1.8129133566428555,3.246135836609964,1.5967239706125615,2.82914303459502,2.7087338551711135,1.9445875409860518,4.403980028745283,3.286184834239486,2.4419316694462845,0.04592377388023561,-0.8566474465489515,1.9030899869919435,1.2041199826559248,0.8172427190232456,0.24267291814506775,-0.5517548730165667,bitufted,NMO_61570
54,2.3891660843645326,-0.30394703523012656,1.2787536009528289,0.986121322240671,2.895908507058623,3.0320019310327018,1.9627480533586406,1.0,1.3222192947339193,1.1760912590556813,1.6989700043360187,1.4913616938342726,1.255272505103306,3.084999937111868,1.974057305238606,2.6556435757527432,2.595576328983548,1.7264355704020553,4.120887251228272,3.0075306908270516,2.1359867079835837,-0.20465237421329416,-0.8097758167589186,2.0,0.0,0.3010299956639816,0.29307553060265934,-0.3891660843645325,bitufted,NMO_37781
55,2.6384892569546374,-0.26593761419227924,1.3222192947339193,1.0675413064680177,3.0310487598986686,3.1359971976024257,2.3586960995738107,1.2304489213782739,1.3617278360175928,1.3222192947339193,2.204119982655925,2.075546961392531,1.9493900066449128,3.2262555162686852,2.0652181745753104,2.905251976060634,2.8120813987812494,1.9738976680373397,4.615371778541439,3.2240357606247527,2.381207627891351,-0.06944649598967793,-0.782462940565978,2.2355284469075487,0.0,0.30102999566398175,0.2816704967330027,-0.4029608100470884,bitufted,NMO_37385
56,1.8260748027008264,-0.24629640380307566,1.0,0.7437336855799503,3.126121662325087,2.958229314188382,2.0931764496962484,0.8450980400142568,0.9030899869919435,0.9542425094393249,1.380211241711606,1.1139433523068367,1.0,3.015715050952245,2.113402055169868,2.6577385164022367,2.9187314160687348,2.0042996170075584,3.8493976570218154,3.3306857779122376,2.406078916516589,0.25212340251671195,-0.6487932636278189,1.3010299956639813,0.6020599913279624,0.96921395838813,0.3175123940262833,-0.5250448070368452,bitufted,NMO_37316
57,1.9493900066449128,-0.33957535264923994,1.3010299956639813,0.9821728762320133,2.6753383269637974,2.926882406087767,2.4844564419054294,0.7781512503836436,0.9030899869919435,0.7781512503836436,1.3222192947339193,1.0791812460476249,0.9030899869919435,2.9346905309397044,1.902824958056268,2.5418060531575963,2.678548490718396,1.76133543785262,3.7251232651981754,3.0905028525618996,2.1657382183545133,-0.226301899559872,-0.7600421458363215,1.3424226808222062,0.0,0.3010299956639815,0.2524411105267665,-0.6069673258227065,bitufted,NMO_37127
58,2.5550944485783194,-0.2745476449927389,1.3222192947339193,1.0221024021277805,2.855543383414977,3.1027766148834415,2.759833977754929,0.6020599913279624,1.4471580313422192,1.3424226808222062,2.093421685162235,1.9294189257142929,1.7781512503836436,3.1283302084299676,2.26576748140881,2.7905041444120724,2.6799243374343478,1.8923827128521404,4.451091283385306,3.091878699277851,2.3058797683518173,-0.1956526009834961,-0.8055201311195409,2.1986570869544226,0.0,0.3010299956639817,0.28737034460366395,-0.3564373616238965,bitufted,NMO_37302
59,1.7708520116421442,-0.33072424650726867,1.041392685158225,0.7416344165578812,2.4253711664389415,2.64017324689147,1.7655940553194451,1.2304489213782739,0.0,0.0,1.3222192947339193,1.041392685158225,0.6020599913279624,2.779182030422786,2.1874476298001904,2.511087901196096,2.430020968963059,1.8633554696045043,3.655747159102758,2.7814917362782476,2.1530779392735067,-0.116017590678312,-0.4887215630652707,1.3010299956639813,0.6020599913279624,0.6012915071744875,0.24514425602842863,-0.469822015978163,bitufted,NMO_61580
60,2.2068258760318495,-0.2565281345617414,1.146128035678238,0.8285184299734316,2.9772250234316076,3.0221395703983918,2.321515581460533,1.0,1.3617278360175928,1.1139433523068367,1.7993405494535817,1.6232492903979006,1.380211241711606,3.1055679810555485,2.5000314839658477,2.8282101352334594,2.7318505083384124,1.9264733241222889,4.1413171721699875,3.1438048701819157,2.3343182858903373,0.044556830839758844,-0.7933078499685271,1.6812412373755872,0.0,0.3010299956639815,0.2898382968075067,-0.5255846386562625,bitufted,NMO_37704
61,1.99563519459755,-0.24256604467858486,0.9542425094393249,0.7380340271756611,2.668572269184558,2.9844552999983716,2.03382569395331,0.9542425094393249,1.1139433523068367,0.9030899869919435,1.4771212547196624,1.2787536009528289,1.0791812460476249,2.9348925876562046,2.3254877192484575,2.645252751182653,2.6619031752417976,1.8694216270023205,3.878021798764238,3.073857537085301,2.2780323414759085,-0.18639467699362355,-0.7939906459638625,1.6020599913279625,0.0,0.3010299956639817,0.2839436836463366,-0.3935752032695875,bitufted,NMO_37296
62,2.4668676203541096,-0.28549459317188436,1.2041199826559248,0.9159200892547921,2.618309641123432,3.1451155706995615,2.9301285448658723,1.0791812460476249,1.4771212547196624,1.380211241711606,1.9493900066449128,1.7481880270062005,1.505149978319906,3.147573899742926,2.2459746500539666,2.7820688046616153,3.101960274364987,1.8884441176221294,4.359735828681068,3.5139146362084897,2.2995530723714825,-0.3141318499712881,-0.8196141521252145,2.041392685158225,0.0,0.44073149710560755,0.30056251589421057,-0.4254749351958844,bitufted,NMO_37096
63,2.478566495593843,-0.2825930098044012,1.4471580313422192,1.0739111986982717,2.850125259486936,2.9131937458074946,2.287129620719111,1.380211241711606,1.5440680443502757,1.4313637641589874,1.99563519459755,1.7481880270062005,1.5563025007672873,3.190061175972962,2.5260831685834533,2.891205843068893,2.7670028119574495,1.8573083997584883,4.340181983367242,3.1789571738009528,2.2594170785825147,-0.026337495373673622,-0.7876219048013746,2.0492180226701815,0.0,0.30102999566398175,0.28620485974466514,-0.42934847292366174,bitufted,NMO_37691
64,2.161368002234975,-0.3281693087018786,1.3222192947339193,0.978340939411136,2.455514832696029,2.8506462351830666,2.285827252753274,1.041392685158225,0.7781512503836436,0.6020599913279624,1.3424226808222062,0.9030899869919435,0.6989700043360189,3.006529893416016,2.200977331054893,2.6517845672100457,2.5197558682293084,1.606174384301779,3.7764360996967365,2.931710230072812,2.013968125301934,-0.19250522712532778,-0.8032927422952233,1.845098040014257,0.0,0.40917052308495283,0.2928163540464929,-0.316269962220718,double-bouquet,NMO_37184
65,2.374748346010104,-0.3733069169341057,1.3222192947339193,0.9463294268049558,2.7892210012476775,2.997875454811502,2.439364277735,1.4313637641589874,1.0791812460476249,0.9542425094393249,1.6434526764861874,1.3424226808222062,1.0791812460476249,3.1077571368135586,2.1888260056064897,2.669060915711666,2.5619922801659136,1.6438716676310223,4.024082909342629,2.973946642009417,2.0537369494563467,-0.168675037262134,-0.8156316479290953,1.9912260756924949,0.0,0.30102999566398175,0.29670895500585637,-0.383522270317609,double-bouquet,NMO_37171
66,2.2576785748691846,-0.2517348741630256,1.041392685158225,0.8272006477432605,2.634688823826319,3.0750138023763163,2.535167485114944,1.2304489213782739,1.2304489213782739,0.9542425094393249,1.568201724066995,1.380211241711606,1.1760912590556813,3.0437798195273538,2.2833658655847233,2.5978772838707425,2.8604047336029588,1.7834744350496345,4.048292258059171,3.272359095446462,2.1937750641613887,-0.2759472442011855,-0.8161797297697893,1.8808135922807914,0.0,0.3010299956639816,0.29626882617685246,-0.3768649825883932,double-bouquet,NMO_37148
67,2.6434526764861874,-0.35540040138534246,1.5185139398778875,1.1988684739052513,2.356637647372693,3.0481814596087147,2.1383026981662816,1.0,0.9542425094393249,0.7781512503836436,1.380211241711606,0.9030899869919435,0.6989700043360189,3.026095994431621,2.025357912514812,2.612967850704521,2.634772137336883,1.388597304864058,4.03401957421315,3.09518151916669,1.8459294752583695,-0.06877843146131354,-0.9036548086968715,2.1522883443830563,0.0,0.3010299956639815,0.29694126174896085,-0.49116433210313093,double-bouquet,NMO_37178
68,2.1367205671564067,-0.4403068595203994,1.3979400086720377,1.050324506025151,2.6117763969973113,3.247718012686048,1.8010605298478555,1.0,0.9030899869919435,0.8450980400142568,1.5185139398778875,1.2787536009528289,1.0791812460476249,3.1990679924731262,2.3281500995964137,2.8901088339113477,2.699601463396799,1.7258679992006942,3.871996034878932,3.111555825240303,2.1367247300148406,-0.13475724890602542,-0.8077371384792843,1.6812412373755872,0.0,0.3010299956639815,0.293459260478937,-0.4554793297808195,double-bouquet,NMO_37363
69,2.037426497940624,-0.2835987361707528,1.0791812460476249,0.8315955696106098,2.121461353545985,2.8231741623760285,1.7388598020722001,0.6989700043360189,0.6020599913279624,0.3010299956639812,0.7781512503836436,0.3010299956639812,0.0,2.8276491513873494,2.1462655526015513,2.5267813615837467,2.2339278740867536,1.4182629831351825,3.467481005805364,2.645882235930257,1.8240960263104162,-0.22258911855860378,-0.8122440723295983,1.6020599913279625,0.0,0.3010299956639815,0.2985006475104684,-0.4353665066126612,double-bouquet,NMO_37699
70,2.089905111439398,-0.2897296855295792,1.041392685158225,0.8280253071391509,2.7625960474380595,2.927503813650848,2.1775653557474137,0.7781512503836436,0.7781512503836436,0.47712125471966244,1.1139433523068367,1.041392685158225,0.9542425094393249,3.0001312784363567,2.1406226294805526,2.5651629031602803,2.4955902366565477,1.5921209730848338,3.692491518202397,2.907544598500051,1.9983634126688792,-0.16235341577804643,-0.8015303553603106,1.662757831681574,0.0,0.43624669603344424,0.29775251577000267,-0.42714727975782385,double-bouquet,NMO_37695
71,2.429752280002408,-0.33065383497309475,1.3617278360175928,1.0351058685175993,2.605208046467365,3.110754643547345,2.0409581733842073,0.7781512503836436,0.6989700043360189,0.6989700043360189,1.4771212547196624,1.2787536009528289,0.9030899869919435,3.188976426998139,2.04400664942654,2.7291600976288897,2.633173724117282,1.5286037443222549,3.963172648356453,3.0935831059470886,1.9673366690713685,0.1107669509410357,-0.8003582155258306,1.9344984512435677,0.0,0.3010299956639816,0.2675605801917507,-0.4952538287588403,double-bouquet,NMO_37469
72,2.2430380486862944,-0.4322589552839509,1.3617278360175928,0.9911264782876544,2.864540744968919,3.0299151587951565,1.8463371121298053,0.3010299956639812,0.6989700043360189,0.6020599913279624,1.505149978319906,1.146128035678238,1.0,3.0788851660226486,2.384862980158693,2.7856423013391467,2.49049897691496,1.5310918531597695,3.7815118554686635,2.9335273087264553,2.037809512176925,0.09278853856366594,-0.7604699112919968,1.9138138523837167,1.3010299956639813,1.0168911559476292,0.3496795089509971,-0.3292241963025777,double-bouquet,NMO_37422
73,2.3961993470957363,-0.392975132878212,1.505149978319906,1.1048338188305817,2.4914877610298274,3.119156874690305,2.1084297084234667,1.0791812460476249,0.9030899869919435,0.47712125471966244,1.4471580313422192,1.1139433523068367,0.8450980400142568,3.1643195715572596,2.1254122171217613,2.761543157700275,2.366068093171383,1.5654691092108324,3.9668696499923763,2.778022455014886,1.970488853635951,-0.13437444503840246,-0.8045636501770936,1.9822712330395684,0.0,0.3010299956639816,0.29281922030901847,-0.4139281140561679,double-bouquet,NMO_37762
74,2.392696953259666,-0.2868921963052047,1.3010299956639813,1.0020796263931209,2.7406626438912407,2.9063835335188433,1.9834909718151665,1.6532125137753437,1.255272505103306,0.9030899869919435,1.8260748027008264,1.6720978579357175,1.3979400086720377,2.973458791318784,2.1031088846325883,2.638080616079392,2.685009056733467,1.8043578219802594,4.202297830652297,3.203791975256951,2.2640155116594487,-0.04741791315600196,-0.7701874872542808,1.6434526764861874,0.3010299956639812,0.6157650170522834,0.21454967040682693,-0.7492442767734784,double-bouquet,NMO_61613
75,2.2278867046136734,-0.2294409737036886,1.1760912590556813,0.9015090078819638,2.77148459013658,2.9022259678053937,2.0628451132770502,1.5440680443502757,1.4913616938342726,1.041392685158225,1.568201724066995,1.255272505103306,0.7781512503836436,2.9125410289761198,2.3779442290335244,2.705676716109512,2.636550031272688,1.943040774100143,4.178569221007692,2.8448930425351566,2.133578931801899,-0.022276400160829806,-0.32108843172368523,1.255272505103306,0.3010299956639812,0.5120103431138867,0.21522528047793116,-0.9726141995103674,double-bouquet,NMO_61618
76,1.6532125137753437,-0.4266759624875156,1.0791812460476249,0.7674650825294927,2.0643831044121965,3.0303892020496512,1.7460890430562002,0.3010299956639812,0.6020599913279624,0.47712125471966244,0.7781512503836436,0.6989700043360189,0.47712125471966244,3.0509365684093375,2.208878200148429,2.7390383285662074,2.796562954738869,1.776530624075773,3.45777186145136,3.1175671888936263,2.147197122390423,-0.28143198489761495,-0.7654592107744105,1.0791812460476249,0.0,0.30102999566398136,0.29094516168901785,-0.5740312677277188,double-bouquet,NMO_37694
77,1.6720978579357175,-0.26028854650145633,0.9542425094393249,0.6739419986340878,2.3334472744967503,2.7112080798586335,1.5616975326539935,0.6989700043360189,0.6020599913279624,0.0,1.0791812460476249,0.6989700043360189,0.3010299956639812,2.716505460185524,2.192181189449754,2.3964166757726995,2.585594881122655,1.734387921929048,3.433357926265067,3.0460042629524615,2.177867777682721,0.2381188339695523,-0.6771640045327298,1.146128035678238,0.0,0.3010299956639816,0.24359702280679757,-0.5259698222574795,double-bouquet,NMO_37724
78,1.6020599913279625,-0.3275569980119464,1.0,0.7798712307779174,2.268460958684802,2.880007113382005,1.858115932190066,0.0,0.3010299956639812,0.0,0.6989700043360189,0.0,0.0,2.8968193824410395,2.3205174137144664,2.7066899029852243,2.406309623601466,1.690899997581922,3.3141492879798227,2.464070019390057,2.0246001527555393,-0.014453731121827974,-0.59704939757029,1.146128035678238,0.6020599913279624,0.6054364002354374,0.26690332300287817,-0.4559319556497244,double-bouquet,NMO_37423
79,2.307496037913213,-0.34829380843367874,1.4471580313422192,1.0907954805045688,2.59986124768202,2.9870358124612455,2.1337943006045124,1.1139433523068367,0.3010299956639812,0.6020599913279624,1.5797835966168101,1.0,0.6020599913279624,3.0182285286246078,1.818723750125727,2.648610230549723,2.3751406849084282,1.6132325391049953,3.927099759474149,2.835550066738235,2.0700760669188,0.009066394579442114,-0.8800006682461936,1.8920946026904804,0.0,0.3010299956639815,0.2882698420926198,-0.41540143522273254,double-bouquet,NMO_37475
80,2.290034611362518,-0.30344689646301404,1.255272505103306,0.8914191834534071,3.10349926616296,3.2478824721494797,2.3441170678303105,1.146128035678238,1.255272505103306,1.146128035678238,1.8260748027008264,1.6334684555795866,1.4471580313422192,3.1784049666717933,2.2892795325104283,2.868722129000896,2.7626884481315157,1.866374228899636,4.163039419161167,3.3401394271998885,2.3249502083121616,-0.07314329166299335,-0.7326164695079059,1.9344984512435677,1.414973347970818,1.0547190907250037,0.32345884216122106,-0.3555361601189503,basket,NMO_37188
81,2.6910814921229687,-0.2572547234147063,1.255272505103306,0.9515970526386464,2.7401494380371227,2.9455818217635557,2.1568216355916268,1.7160033436347992,1.4471580313422192,1.0791812460476249,1.7242758696007892,1.0791812460476249,0.7781512503836436,2.848599347482872,1.7248011082316617,2.5180697230053384,2.4892259055139343,1.5174728179794215,4.211199766903069,2.9011802673574376,1.921639098385007,0.13514398607339936,-0.775389298237271,2.278753600952829,0.3010299956639812,0.49972009696876596,0.29012930591005787,-0.41232789117013957,basket,NMO_37015
82,2.2764618041732443,-0.2915419942538404,1.1760912590556813,0.8884252249496816,2.8041053419485906,2.8983576305164473,2.1073795828044486,1.2041199826559248,1.462397997898956,1.0,1.462397997898956,1.146128035678238,0.6989700043360189,2.7353811994002384,2.1212437057944435,2.5137644554121867,2.291705918183604,1.631549503857288,3.9148507325608377,2.7036602800271075,2.0364292037174367,0.08876391310851216,-0.7522343705570608,1.8808135922807914,0.0,0.3010299956639815,0.2748966865717515,-0.3956482118924528,basket,NMO_37841
83,2.530199698203082,-0.3063546428879345,1.255272505103306,0.9419354831362887,2.8090544272229425,2.709744710983804,2.342837036916425,1.6127838567197355,1.4771212547196624,0.8450980400142568,1.8325089127062364,1.462397997898956,1.146128035678238,2.9347097021342834,2.2141489276587647,2.5881421937145936,2.6227933837541766,1.7010398345882156,4.2350659406443505,3.0347477455976803,2.1082622638125756,0.10044771683308958,-0.7491873301667435,2.0791812460476247,0.6020599913279624,0.6099643120420651,0.2826864044469554,-0.45101845215545733,basket,NMO_37505
84,2.4638929889859074,-0.28842649101090423,1.2787536009528289,0.975697465505919,2.671182102626639,2.743015610916934,2.3883143871177426,1.6434526764861874,1.462397997898956,0.6020599913279624,1.792391689498254,1.4471580313422192,1.1139433523068367,2.8358903617293616,2.1516757120931627,2.561230182362212,2.4059514439602214,1.692070295097032,4.160417625509189,2.8179058058037247,2.095387264153646,0.2001306729428781,-0.7379055024526094,2.0170333392987803,0.0,0.44945009525914903,0.27096510268815477,-0.4468596496871269,basket,NMO_37311
85,2.8419848045901137,-0.2535499288485961,1.1760912590556813,0.9445250926964023,2.9510167803006295,2.759131254061716,2.478407754317061,1.968482948553935,1.7853298350107671,1.2787536009528289,2.037426497940624,1.6532125137753437,1.380211241711606,2.850191990658279,2.2291102333374284,2.524984701247929,2.5422065301258154,1.6506594779787311,4.494514900601892,3.037278426936585,2.0253860210974204,0.18412030382681108,-0.6171069388840016,2.3096301674258988,1.9138138523837167,1.3701849461138436,0.28530886953650497,-0.5323546371642152,basket,NMO_37117
86,2.4265112613645754,-0.28190925782644877,1.1760912590556813,0.918496318033344,2.959427790191873,2.896785173781197,1.4345689040341987,1.462397997898956,1.6127838567197355,1.6020599913279625,1.7634279935629373,1.3617278360175928,1.0,2.94369739403239,2.0039219003851345,2.672282968992914,2.4776795655126462,1.8245991386259117,4.255962902784899,2.7713921649085944,2.1282959662706857,0.26875756239392845,-0.5540306902818324,2.0170333392987803,1.505149978319906,0.8165318908631602,0.3252113835971029,-0.40947792206579486,basket,NMO_06143
87,1.8388490907372552,-0.22188906780260206,0.9030899869919435,0.6804865986420057,2.450972329938457,2.5443409436938036,2.1660747173570805,1.2787536009528289,0.0,0.0,0.9030899869919435,0.47712125471966244,0.0,2.65843108662114,2.0502836862583673,2.4394357435352494,2.2419675165221253,1.7303222510783687,3.587654747509637,2.5388423452270326,2.0063030104722603,0.008065677036909616,-0.48821500427311426,1.3424226808222062,0.6020599913279624,0.6223455640888811,0.24763544857729033,-0.49642640991504916,basket,NMO_37112
88,2.367355921026019,-0.30760409263575345,1.1760912590556813,0.9060701138953365,2.670700325231974,2.794076561664683,2.0904696802311604,1.6720978579357175,1.041392685158225,0.0,1.7242758696007892,1.3424226808222062,1.0,2.8065114033579763,2.033553067563434,2.473559120419697,2.528996254091617,1.6725414849775289,4.045453487947635,2.7965468850501556,2.0993707369478836,-0.144704851665836,-0.7275367859720034,1.5563025007672873,0.3010299956639812,0.5319308501704387,0.20411091135909668,-0.8110534202587316,basket,NMO_79468
89,2.756636108245848,-0.31090549811072715,1.380211241711606,1.034459356520982,2.696365126964978,2.95424733490676,2.3982873053574014,1.7481880270062005,1.6532125137753437,1.6020599913279625,2.0211892990699383,1.6127838567197355,1.1760912590556813,2.8751638310247114,2.115253213925748,2.617459001128149,2.4785707112354576,1.6693559481466462,4.42826784054462,2.8905250730789613,2.075322420150275,0.2061366744998565,-0.7642645632418174,2.3010299956639813,0.9030899869919435,0.7911132079565154,0.2911822341237105,-0.4556061125818669,basket,NMO_37310
90,2.7218106152125467,-0.36811170904923085,1.462397997898956,1.079454301373755,2.858657484090808,2.88729089428766,2.6515590511717084,1.6989700043360187,1.4313637641589874,0.47712125471966244,1.6989700043360187,1.041392685158225,0.6989700043360189,2.967819333586156,2.100914662649489,2.5696798118385877,2.4223644184364312,1.5488142828705638,4.273090152471353,2.834318780279935,1.958959110183915,0.10760059129775389,-0.7876165562881847,2.2648178230095364,0.0,0.3592433877264975,0.2892918162753346,-0.45699279220301015,basket,NMO_37529
91,2.7972675408307164,-0.31645717722380406,1.4313637641589874,1.1015179552484098,2.905202028662319,3.0103805311488157,2.1975562131535367,1.8260748027008264,1.6901960800285136,1.414973347970818,1.9912260756924949,1.5314789170422551,1.1139433523068367,3.0232556058654145,2.2926855408889057,2.669449415308226,2.497204789424665,1.6215855487984985,4.42092609825208,2.9091591512681685,2.0267520124063476,0.14339382589670036,-0.7615173362713389,2.330413773349191,0.0,0.4113914798324395,0.2806320329354524,-0.46685376748152563,basket,NMO_37844
92,2.2764618041732443,-0.24857003721824145,1.0791812460476249,0.8495985412409333,2.8267289924677366,2.752302032494887,2.033383541173119,1.505149978319906,1.3010299956639813,0.8450980400142568,1.5797835966168101,1.3222192947339193,0.9030899869919435,2.783530543233323,2.114190848352069,2.4863782449947864,2.4869211666751325,1.7225453904753314,4.005846619178881,2.8724432819485686,2.0990430526483514,-0.08379665254700107,-0.6201881126856672,1.0,0.3010299956639812,0.4840923048075727,0.18102065647544135,-1.276461804173244,basket,NMO_79469
93,1.8129133566428555,-0.3737289299337766,1.0791812460476249,0.8207036010691073,2.777303549366563,2.7187175368737337,2.180928319993991,0.6989700043360189,0.6020599913279624,0.6020599913279624,0.3010299956639812,0.0,0.0,2.8372013082188414,1.9512758645868544,2.605647539542244,2.3094909302518474,1.7183732087618895,3.550882121468126,2.527847054285045,1.874172444612349,0.17270130829000305,-0.25438890208263826,1.3010299956639813,0.6020599913279624,0.5210298983791767,0.25078777558685045,-0.5118833609788743,basket,NMO_37137
94,2.75815462196739,-0.3293843345302728,1.6532125137753437,1.1601703786615964,2.7152510288788494,3.1347156558111355,2.118892725373622,1.8512583487190752,1.0,0.47712125471966244,1.462397997898956,0.47712125471966244,0.0,3.1296329524597475,1.376713529770292,2.5318718129696456,2.2540384584453292,1.4873678411405835,4.247790324563795,2.6188798768758907,1.8795396124685229,0.2975904416032191,-0.6897481897725486,2.1931245983544616,0.6020599913279624,0.6214919606748057,0.26462435475576895,-0.5650300236129284,basket,NMO_37862
95,2.3283796034387376,-0.2617206749672796,1.146128035678238,0.9070927294456176,2.7348478152782945,2.78625439578978,2.2313931234031217,1.6020599913279625,1.2787536009528289,0.47712125471966244,1.6720978579357175,1.3424226808222062,0.9030899869919435,2.7678219637358916,1.9414213606254884,2.5287636027781866,2.529638219549315,1.7377681963442118,4.072221947495143,2.9415925813928183,2.144973266862683,-0.009985481984485227,-0.7548457470713702,1.8920946026904804,0.0,0.36406478131083614,0.279995777874182,-0.43628500074825727,basket,NMO_37504
