,01brn_d,02symm_d,03max_BO_d,04mean_BO_d,05depthX_d,06depthY_d,07depthZ_d,08sholl100_d,09sholl200_d,10sholl300_d,11l200_d,12l300_d,13l400_d,14max_PL_d,15min_PL_d,16mean_PL_d,17max_lng_d,18mean_lng_d,19Total_lng_d,20max_lng_d_d,21mean_lng_d_d,22max_D_d,23mean_D_d,24GR2_d,25GR3_d,26max GR_d,27meanGR_d,28above2_d,name,file
0,1.591064607026499,-0.19019097738894028,1.2304489213782739,1.010219165181686,2.014856420044506,2.1032904715577496,2.079362164393046,0.0,0.0,0.0,0.0,0.0,0.0,2.5949792925657116,1.6893408635025318,2.429648543062696,2.01056817048378,1.4258783580630863,3.0491276484609866,2.066792495922145,1.503894770904943,0.28103335965812426,-0.0750799722972991,0.6020599913279624,0.6020599913279624,1.1679454704222465,0.3299495359477658,-0.9890046156985368,neurogliaform,NMO_37063
1,1.8260748027008264,-0.17796010150222527,1.3222192947339193,1.0873757246628963,2.6285932558512592,2.367206781435988,1.7693034601890818,1.3010299956639813,0.0,0.0,0.0,0.0,0.0,2.928057341080791,2.1098941568320297,2.711414491530541,2.357560995336755,1.7055986801205563,3.550696720134813,2.425990204118116,1.7739021919579703,0.3783979200106077,-0.005540459065695526,0.8450980400142568,0.6020599913279624,0.8018833819446859,0.17843491538551406,-0.9809767626865696,neurogliaform,NMO_06139
2,1.6334684555795866,-0.25957523664760584,1.1760912590556813,0.8911251949623002,2.031892987710475,2.3091402454530674,2.047430640155542,0.47712125471966244,0.0,0.0,0.0,0.0,0.0,2.710234428999002,1.8631412585353067,2.4512468507515144,2.0830627138088165,1.5465908416252532,3.2093486733068275,2.1381054463913567,1.6523309300214277,0.4232458895660715,-0.11209709080652813,0.9542425094393249,0.6989700043360189,0.9263024000393322,0.251442403411677,-0.6792259461402617,neurogliaform,NMO_37721
3,1.9395192526186185,-0.15835174901274165,1.3424226808222062,1.1157953571684303,2.3632734366904593,2.6048845576636235,2.0431263979672254,1.1139433523068367,0.6989700043360189,0.3010299956639812,0.7781512503836436,0.0,0.0,2.846793244434329,1.9396468213468006,2.5889674336088424,2.460293084333869,1.6979327305817926,3.6521752400211174,2.630901196717385,1.880584403583535,0.5490032573458387,-0.2531383106757167,1.146128035678238,0.6989700043360189,1.3972232733170633,0.2197550240154638,-0.7933912169403805,neurogliaform,NMO_37075
4,1.8195439355418688,-0.1381663789419595,1.1760912590556813,0.8432959856365765,2.302958318764626,2.4644299284508446,2.2161395006031435,1.0791812460476249,0.0,0.0,0.0,0.0,0.0,2.7580107266948266,1.9712370692041232,2.4756093219940234,2.1665265986056528,1.6293050545553223,3.4681541452925777,2.2579166561093245,1.7171567070046716,0.5998830741549717,-0.06260001229141551,0.6989700043360189,0.3010299956639812,1.142318067069345,0.17022215359516013,-1.1205739312058498,neurogliaform,NMO_37076
5,2.0086001717619175,-0.19590060345715876,1.3979400086720377,1.0897369431964823,2.1657486815594145,2.1922607186420433,2.123524980942732,0.0,0.0,0.0,0.0,0.0,0.0,2.7475701021654806,1.4980000926573953,2.4567680403259597,2.0428610462729346,1.420110316549887,3.4412996156198252,2.1814961573931497,1.5306688313372485,0.5435899121461005,-0.12249441742725703,0.8450980400142568,0.6989700043360189,1.6065069751066203,0.27595500683191376,-1.1635021317476606,neurogliaform,NMO_37062
6,1.792391689498254,-0.22739474728786624,1.3424226808222062,1.0684713001277173,2.155001836231253,2.389909951772033,2.13786028215286,0.6989700043360189,0.0,0.0,0.0,0.0,0.0,2.81993051622399,2.0981922039225664,2.575161784185819,2.105179764596978,1.5559599230498944,3.36887327969275,2.297080039030078,1.7097409911139223,0.5406525745454415,-0.1745359444925234,0.8450980400142568,0.6989700043360189,1.3507374646424024,0.23864756445937496,-0.9472936494839971,neurogliaform,NMO_37243
7,1.7781512503836436,-0.29266812101321904,1.2787536009528289,0.9457342421284758,2.3830969299490943,2.553895157605228,1.9388698215129867,0.7781512503836436,0.0,0.0,0.3010299956639812,0.0,0.0,2.926042310176848,1.8911005353301176,2.5566793735049664,2.2764431906950438,1.5303162760241902,3.329656825477772,2.363037317375565,1.6566208169161118,0.44283714696795695,-0.18425474365051936,0.9542425094393249,0.6989700043360189,1.1380540508361923,0.2526967156302896,-0.8239087409443188,neurogliaform,NMO_37059
8,1.9344984512435677,-0.14518749501414419,1.3617278360175928,1.1276143201484374,2.2478505669735336,2.508139014908231,2.0409581733842073,0.6989700043360189,0.0,0.0,0.47712125471966244,0.0,0.0,2.7389632903685226,1.813424339035282,2.45623727744141,2.2723237570675763,1.5310962834852258,3.4804862901301385,2.442488566326376,1.7141596754989992,0.5490032573458388,-0.25024658311422054,1.041392685158225,0.7781512503836436,1.3838115138853817,0.21305848188130655,-0.8931057660853426,neurogliaform,NMO_37517
9,2.1072099696478683,-0.30180736599221475,1.4771212547196624,1.1524750774750028,2.37485828006509,2.626021973411722,2.170848203643309,1.3222192947339193,0.6989700043360189,0.0,0.0,0.0,0.0,3.0629153290939626,1.8954065314591917,2.744081013972323,2.2776820641969144,1.6025187594708845,3.7197900551266487,2.366783525201138,1.7165587933097717,0.7092288199936708,-0.11212356331429868,0.8450980400142568,0.6989700043360189,1.9767879899990108,0.37766897905563346,-1.2621119296336116,neurogliaform,NMO_37640
10,1.6532125137753437,-0.21071238349839683,1.2041199826559248,0.9409727855907081,2.199618067707931,2.378543247161644,2.09324653110384,0.7781512503836436,0.0,0.0,0.6020599913279624,0.0,0.0,2.8690265240714803,1.878013858461688,2.6359802572725064,2.2480690902107328,1.647531621794847,3.328772859170434,2.436489895896042,1.8658724733765846,0.3358312531310251,-0.2289797629969069,0.6020599913279624,0.6020599913279624,1.4390159605998958,0.37382116733587845,-1.0511525224473812,neurogliaform,NMO_37623
11,1.6232492903979006,-0.2518281932322038,1.1139433523068367,0.9030899869919435,2.1370374547895126,2.4786819073622355,2.1454450361378057,0.6020599913279624,0.3010299956639812,0.0,0.0,0.0,0.0,2.7572101318101723,1.8824718526987647,2.6140167636151825,2.2257275950519553,1.5767672594638367,3.2299797732391804,2.3253173170389303,1.6553034562824591,0.40909331466129817,-0.07835035827030028,0.3010299956639812,0.3010299956639812,0.6662813928159904,0.07749903062119395,-1.3222192947339193,neurogliaform,NMO_37661
12,1.7634279935629373,-0.2547853050827114,1.1139433523068367,0.8199752111303424,2.263423010867385,2.1572451604751945,1.4940153747571436,0.47712125471966244,0.0,0.0,0.0,0.0,0.0,2.509870005044623,1.6040684886893115,2.2176282552791045,1.9705990151759456,1.4553361835288556,3.2406660185396228,1.9677641093938978,1.4637405179941236,0.5314789292238871,0.08359777021697405,0.47712125471966244,0.3010299956639812,0.8982681686164715,0.17168314047052638,-1.2863067388432747,neurogliaform,NMO_06138
13,1.591064607026499,-0.1252452253167881,1.146128035678238,0.8965787033778183,2.191423066687808,2.298394533712946,2.022799404511688,0.7781512503836436,0.0,0.0,0.0,0.0,0.0,2.7421584658499696,1.9804317048037994,2.502455290150332,2.1222729963660276,1.637981813127681,3.2612311035255814,2.2351977085918473,1.7342930229787537,0.4129822284476112,-0.08094159357497144,0.6020599913279624,0.47712125471966244,1.350254964647878,0.3561292607597676,-0.9890046156985368,neurogliaform,NMO_37625
14,1.6989700043360187,-0.17961221894904797,1.3010299956639813,1.0308363967942822,2.041392685158225,2.317979808761542,1.9564085711958326,0.3010299956639812,0.0,0.0,0.0,0.0,0.0,2.7850701686866954,1.638412284720826,2.43388667434721,2.2952038344592514,1.4769784999797932,3.201254369580582,2.593063832821712,1.6761768942010453,0.3018523466406523,-0.27203453408039074,0.7781512503836436,0.47712125471966244,1.0109327558407863,0.14874453743814767,-0.9208187539523752,neurogliaform,NMO_37720
15,1.7075701760979363,-0.11134656331873949,1.3222192947339193,1.0435805713064006,2.1760623051250794,2.308414999096672,1.9419584165308137,0.3010299956639812,0.0,0.0,0.0,0.0,0.0,2.800259917508887,1.772484219038689,2.5491126156605435,2.0897116422198776,1.5417311165140977,3.274124876337066,2.1885247879257914,1.6509510126942508,0.1960791256195668,-0.17006969541517808,0.9030899869919435,0.47712125471966244,0.7363866842352107,0.1688954247906857,-0.8044801891059927,neurogliaform,NMO_37061
16,1.6434526764861874,-0.3079788556193091,1.255272505103306,0.9944201226191633,2.425485310708032,2.792440719978413,1.911104317804036,0.9542425094393249,0.7781512503836436,0.3010299956639812,0.6020599913279624,0.0,0.0,3.08682971054848,1.6926244947058786,2.7836581427627634,2.3988056057518903,1.7973528397193923,3.46945069765511,2.4594535235823227,1.8484443797522545,0.40453870771606726,-0.026718886247598172,0.7781512503836436,0.6020599913279624,0.7246410806225699,0.12138084919286508,-0.8653014261025438,chandelier,NMO_37247
17,1.9138138523837167,-0.30717395675257997,1.3424226808222062,1.0353119953393366,2.0653929615619915,2.6884910119843313,2.067517201903675,0.6020599913279624,0.3010299956639812,0.0,0.0,0.0,0.0,2.983070703304956,1.7377654102925844,2.619948274032703,2.3659585620485863,1.3590460945063503,3.288465020220643,2.3040379368866266,1.4017640655936086,0.26374381306367534,-0.11491371093570887,1.3617278360175928,0.6020599913279624,0.7374109203555056,0.24586108881227742,-0.5520860163661238,chandelier,NMO_37424
18,1.462397997898956,-0.19388158004950953,1.0791812460476249,0.8170693164140133,2.1965630351480514,2.4680961351210637,2.04883008652835,1.146128035678238,0.0,0.0,0.0,0.0,0.0,2.754388468243532,1.4761878353649964,2.536042663512449,2.1950463622148466,1.7430100507012656,3.2481600290211716,2.231601046107266,1.7530884186937534,0.4673227162626187,0.07038323721935004,0.3010299956639812,0.3010299956639812,0.6069699720772357,0.13190265708993731,-1.1613680022349748,chandelier,NMO_37763
19,1.6532125137753437,-0.2695281195509789,1.1760912590556813,0.9053460672961677,2.2089248310802643,2.4923831850396234,2.1792932055773737,0.6020599913279624,0.47712125471966244,0.0,0.0,0.0,0.0,2.7035925530502656,1.9496619831777302,2.5021234898475986,2.2452870419654856,1.5927703140935756,3.2740115514691626,2.2839942892671816,1.614852715048537,0.314938432943075,0.013135383849737442,0.8450980400142568,0.0,0.5825581606535142,0.21616962401714115,-0.8081144737610868,chandelier,NMO_07472
20,1.505149978319906,-0.18857711748366363,1.0791812460476249,0.7903857068006552,2.1557913523576175,2.9322403193980646,1.7953933349312894,1.0,0.3010299956639812,0.0,0.47712125471966244,0.0,0.0,3.043200692967337,1.794383945525044,2.7089926440751695,2.6432745483709965,1.857590821874074,3.40165886622435,2.6656044704056505,1.9473049143598833,0.41458961710205133,-0.0698524402941169,0.6020599913279624,0.0,0.5574191253874259,0.09487848007458385,-0.9030899869919435,chandelier,NMO_37391
21,1.9344984512435677,-0.27000555461353526,1.2041199826559248,0.9147867891824621,2.587935348636356,2.9593467228420827,2.7410570053605983,1.0,0.6020599913279624,0.3010299956639812,0.9542425094393249,0.3010299956639812,0.0,3.2131929369586194,2.4582657228505065,3.1026266598353187,2.643336839683988,1.926688568151284,3.8662078207699024,2.5344346743817168,1.9011741644428093,0.597695190109103,0.04212481928058982,1.0791812460476249,0.0,0.9482625519372937,0.22685606562419913,-0.8553172051959429,chandelier,NMO_35831
22,1.4913616938342726,-0.17285353528264882,1.0,0.7573011114105235,2.1819007281964047,2.4577154104958825,1.8708718950677428,1.0791812460476249,0.0,0.0,0.47712125471966244,0.0,0.0,2.923547594058861,2.376406747489247,2.749603743434373,2.376406747489247,1.7817443423148587,3.2868943206347647,2.377029665921911,1.860752471086065,0.3060012138852206,-0.09936870302498468,0.47712125471966244,0.3010299956639812,0.8463267063199272,0.18427372178207763,-1.0142404391146103,chandelier,NMO_37114
23,1.7242758696007892,-0.2685541028761045,1.041392685158225,0.8116742845273072,2.561983393768085,2.752079193243111,2.268016020781919,0.9542425094393249,0.6989700043360189,0.0,0.6989700043360189,0.6020599913279624,0.0,3.1019439980680286,2.458466347594467,2.8436694204344066,2.516166176454817,1.6719600506529926,3.404353810475961,2.591827933867694,1.7066741736661453,0.36803557316911223,-0.08476853827146483,1.0,0.6020599913279624,0.5326954651971205,0.1139102021039459,-0.724275869600789,chandelier,NMO_37133
24,1.591064607026499,-0.1884105386139592,0.9542425094393249,0.6712169357636925,2.471804931575037,2.5673440264062375,2.155001836231253,0.9030899869919435,1.0,0.0,0.6989700043360189,0.0,0.0,2.743172419355497,2.3167537632729047,2.580475319955338,2.241517541912708,1.8076412245429752,3.4308905149408755,2.480522290491573,2.016955647398034,-0.11918641316888623,-0.3661879931820542,0.6989700043360189,0.47712125471966244,0.6809213189673592,0.2511486313434639,-0.8920946026904805,chandelier,NMO_04548
25,1.9294189257142929,-0.29367359563089285,1.3424226808222062,1.0489535583474432,2.3691044855716292,2.6890245652050133,2.067517201903675,0.6989700043360189,0.3010299956639812,0.0,0.0,0.0,0.0,3.047361987616305,1.7379287715008553,2.646472233223941,2.3659262330641546,1.3839133391757508,3.3283960113259194,2.3040064130594873,1.4256188781830454,0.27253654640471536,-0.1174340461833675,1.414973347970818,0.9030899869919435,1.4354292767818184,0.41931952804781436,-0.5144455777434748,chandelier,NMO_37537
26,1.5440680443502757,-0.2106884303528443,0.9542425094393249,0.7080181333134159,2.210933535357622,2.6134295219754753,1.826787238816292,1.0,0.6020599913279624,0.0,0.3010299956639812,0.3010299956639812,0.0,2.930973750406404,2.3030938953819953,2.668917655859263,2.51002410318735,1.8408587120128233,3.4206423086296334,2.556100386947478,1.8982598435684697,0.5402193033915056,0.007125373970611165,0.3010299956639812,0.3010299956639812,0.9579081322431166,0.14255943352931358,-1.2430380486862944,chandelier,NMO_37138
27,1.414973347970818,-0.19771506989963702,1.1760912590556813,0.8577482882120979,2.1125714898649792,2.3750963750953966,2.1422016901635135,0.6020599913279624,0.0,0.0,0.0,0.0,0.0,2.810168563158546,1.7266480417183336,2.519169458254122,2.209386183320916,1.6380080824350902,3.1004060803340465,2.2020173398854928,1.6316161712807642,0.6232492706752575,0.09973224856486212,0.47712125471966244,0.3010299956639812,1.0032095429348975,0.2180337060316539,-0.9378520932511555,chandelier,NMO_37818
28,1.505149978319906,-0.14761534700140444,1.2041199826559248,0.8361431973613304,2.493959674554181,2.5203393990430505,2.163757523981956,1.0,0.6020599913279624,0.0,0.3010299956639812,0.0,0.0,2.9502188035118295,2.068186579897895,2.6534356542010045,2.395596583477622,1.8157278292796093,3.359795873629885,2.4198607963562324,1.830529911945562,0.3360551271114332,0.03208937043265166,0.6020599913279624,0.0,0.5407899778235155,0.1164763404925342,-0.9030899869919435,chandelier,NMO_37821
29,1.568201724066995,-0.18803764008279833,1.0,0.7423322823571483,2.3908821411319856,2.6600682240433646,2.009365898346245,1.1139433523068367,0.6989700043360189,0.0,0.6020599913279624,0.0,0.0,2.841246911007694,1.6353176083200416,2.5755552929380654,2.4608636689039027,1.8457873356826437,3.447847327010606,2.4939532297846583,1.9012865335331381,0.6570021985355267,0.05427356898785349,0.47712125471966244,0.47712125471966244,1.391425741900411,0.2813607642910782,-1.0910804693473326,chandelier,NMO_37764
30,1.9444826721501687,-0.26218585291940477,1.3424226808222062,1.0856392755574553,2.635413369321829,2.746890963842585,2.117602691690084,1.1139433523068367,0.7781512503836436,0.3010299956639812,0.6989700043360189,0.0,0.0,3.0797436358910657,1.8182733938323195,2.7746132401234056,2.3849178730051745,1.5857458770586916,3.5351358837036044,2.5387970632501893,1.710088023572974,0.680929306685125,0.03852021843425201,1.3222192947339193,0.8450980400142568,0.9217341224459487,0.22224333923165526,-0.6222633774162494,chandelier,NMO_37548
31,1.8325089127062364,-0.26977874283835884,1.255272505103306,0.9411333407791787,2.53790720385597,2.4994396292017425,2.1628032923826743,1.0,0.0,0.0,0.3010299956639812,0.0,0.0,2.9203905627848954,1.81895118967314,2.640186229415314,2.3943031445493266,1.5512585693342877,3.402516918053363,2.4059933212438196,1.6226885924299852,0.5102381241855243,-0.12833744478079848,1.041392685158225,0.8450980400142568,0.7276946091735982,0.18971077936130717,-0.7911162275480113,chandelier,NMO_36983
32,1.7781512503836436,-0.27406109528738726,1.1760912590556813,0.9232933730802306,2.6735737964230517,2.4049704807470023,1.4279727136082088,1.1139433523068367,0.0,0.0,0.0,0.0,0.0,2.7332327552046207,1.8972274120919588,2.5412926799387954,2.1160160000609847,1.5449797744332003,3.344320323886782,2.161017897995711,1.558821647022801,0.5526682079911049,0.06842668879746425,1.041392685158225,0.0,0.646713935066535,0.18210067158708498,-0.7367585652254186,Martinotti,NMO_06140
33,1.792391689498254,-0.2471677571946242,1.255272505103306,0.957201938144246,2.5500448095649055,2.55836051563136,2.0453229787866576,1.3424226808222062,0.47712125471966244,0.0,0.6020599913279624,0.0,0.0,2.9101356313909585,2.164531857773939,2.600432363317952,2.3343587906192367,1.7779886764995283,3.5909020331423838,2.4520679837136203,1.8432007239787818,0.48667551150850585,-0.04027993112866741,0.6989700043360189,0.3010299956639812,0.9745596526065146,0.20447966523855013,-1.0934216851622351,Martinotti,NMO_79459
34,1.568201724066995,-0.15394185242010977,1.0,0.7263196121107753,2.3473300153169503,2.6314336218272953,2.0677030440400657,1.0,0.6020599913279624,0.0,0.0,0.0,0.0,2.8096813647926684,1.8037064891019021,2.5709495149024373,2.33701568114441,1.7235181484292168,3.3255781397571793,2.327260219976972,1.7110449700528523,0.5452590705033249,0.16646196515292436,0.9030899869919435,0.0,0.44649918365562197,0.14662118546432165,-0.6651117370750514,Martinotti,NMO_37297
35,1.6232492903979006,-0.17446570076894388,1.255272505103306,0.9970950093565928,2.4064550163034926,2.426657628095805,1.8621313793130372,1.146128035678238,0.0,0.0,0.3010299956639812,0.0,0.0,2.9422332152594213,1.3353204066001922,2.680968500458668,2.2500831705621045,1.7103549263103566,3.3635674400857,2.3381843272486957,1.7724867641252513,0.559678036217454,-0.03628707999898947,0.7781512503836436,0.3010299956639812,1.0841028250721454,0.24538242164690163,-0.8450980400142569,Martinotti,NMO_79463
36,1.7781512503836436,-0.17122845696053193,1.2041199826559248,1.0068394245303054,2.3125581495215206,2.5333652727496356,1.9929068182233125,1.146128035678238,0.0,0.0,0.0,0.0,0.0,2.8300103439755113,1.6595134944226242,2.5985375619885582,2.3417824276782486,1.61981536622209,3.4191559156756717,2.4527440921822383,1.7116349188671416,0.26022053700612596,-0.11156557315127814,0.9030899869919435,0.47712125471966244,0.9150493803897071,0.23777124786423812,-0.8750612633917001,Martinotti,NMO_79462
37,1.3617278360175928,-0.09729474164556258,0.9030899869919435,0.7096938697277919,2.3512356898742954,2.7445980558537113,1.9434945159061026,0.9030899869919435,0.6989700043360189,0.0,0.6020599913279624,0.3010299956639812,0.0,2.925748557854581,2.001329326786737,2.7156442941329924,2.536418002099473,1.9329183306494582,3.3131295723610643,2.497777828151171,1.9108699201592274,0.8294577102502868,0.24548442331845974,0.3010299956639812,0.3010299956639812,1.1282660435305245,0.17758369572567514,-1.0606978403536118,Martinotti,NMO_37290
38,1.8920946026904804,-0.3085627045914821,1.255272505103306,0.9819359999222645,2.393926006585837,2.871298496155363,2.327849154905208,1.3617278360175928,0.7781512503836436,0.0,0.0,0.0,0.0,2.8326607307545877,1.915553355245653,2.638876088983828,2.329769822942986,1.6878686855148322,3.596353704393482,2.400790369257073,1.7158819156041505,0.6803355099558953,0.04480201118683964,0.8450980400142568,0.47712125471966244,0.9009343461772805,0.16600996293108994,-1.0469965626762237,Martinotti,NMO_37291
39,2.0043213737826426,-0.3026744668932976,1.2304489213782739,1.0123504383864292,2.4691000457142462,2.6277958410280347,2.3666097103924297,1.3222192947339193,0.6020599913279624,0.0,0.0,0.0,0.0,2.895931850305724,2.0852833540116413,2.729253027959823,2.343441368837506,1.6861867724171886,3.7032201117159693,2.369192299943142,1.7108723085217417,0.8405572358902624,0.11445214269838383,0.8450980400142568,0.47712125471966244,1.4312281074259359,0.2087776897697079,-1.1592233337683857,Martinotti,NMO_37672
40,1.806179973983887,-0.2078010587221403,1.2041199826559248,1.0282312391002542,2.1416065301182505,2.518000379235449,2.0989896394011773,1.255272505103306,0.0,0.0,0.0,0.0,0.0,2.8014131626001246,1.9372741166356882,2.66562451761551,2.19782237586871,1.6823198138292532,3.50839461653008,2.243100727735876,1.7385103029098588,0.559352373275346,-0.06106375870499442,1.0,0.0,1.199983921131421,0.27933053061391544,-0.8061799739838872,Martinotti,NMO_79465
41,1.8808135922807914,-0.18674065958955902,1.2304489213782739,1.0081687890774271,2.5246816628511612,2.545987102271373,1.9442852206887526,1.3222192947339193,0.0,0.0,0.0,0.0,0.0,2.8465147910584854,2.0379455302726246,2.642013116442702,2.272823817633087,1.725034476963948,3.6226615682543897,2.354846937693447,1.792881186526413,0.44383408637296956,-0.05073308721937593,0.9030899869919435,0.47712125471966244,0.9302366676534631,0.21698857814124423,-0.9777236052888478,Martinotti,NMO_79458
42,1.8864907251724818,-0.22199724186180392,1.3010299956639813,1.0467877170449311,2.484185911097994,2.5062749712869747,1.9965554496333653,1.4313637641589874,0.0,0.0,0.0,0.0,0.0,2.886672333644554,2.164168011571037,2.711816461348506,2.194935651679035,1.732752862669587,3.6358428496615303,2.3054962751938413,1.8225328005855113,0.35144669440986154,-0.125421516897221,1.2041199826559248,0.0,0.7795766371582499,0.23049666195973895,-0.682370742516557,Martinotti,NMO_79457
43,1.8976270912904414,-0.2449550737466738,1.146128035678238,0.8533420136984637,2.6592219146136116,2.7423087001160735,2.16172726971602,1.1760912590556813,0.7781512503836436,0.6989700043360189,1.1139433523068367,0.6989700043360189,0.47712125471966244,2.9274071321952,2.00084400953802,2.7235959837001653,2.6514291483026278,1.8098031847646825,3.7236170371483994,2.7751041366499876,1.9348702354784482,0.7126496887845603,-0.10144692218873912,0.47712125471966244,0.0,1.487311782350884,0.19751381210303545,-1.420505836570779,Martinotti,NMO_37190
44,1.7160033436347992,-0.22450402886928203,1.146128035678238,0.9051337295019299,2.5266622930104643,2.539226695042995,1.9239172231131056,1.2041199826559248,0.3010299956639812,0.0,0.47712125471966244,0.0,0.0,2.912034548177741,2.3586627234955344,2.793419793296099,2.3586627234955344,1.7468936564538438,3.471169526054633,2.406120207838918,1.805870530851098,0.722648358911131,0.03293405522859827,0.6020599913279624,0.3010299956639812,1.1818489284528384,0.19579927759210658,-1.1139433523068367,Martinotti,NMO_37787
45,1.6127838567197355,-0.1976899900923998,1.2041199826559248,0.868430684492687,2.4849401294680282,2.600820484917715,2.204472703648964,1.1760912590556813,0.6020599913279624,0.0,0.6989700043360189,0.0,0.0,3.0236090564230147,1.756210419627135,2.7153663831938344,2.3504824760020773,1.8403225072002125,3.4837751836864,2.468021390039557,1.8850059555906933,0.3804210110608974,-0.008366997468308822,0.6989700043360189,0.3010299956639812,0.8597084107954551,0.20066531072918053,-0.9138138523837167,Martinotti,NMO_37301
46,1.7242758696007892,-0.21301014994238096,1.0791812460476249,0.8846065812979305,2.419840141416905,2.469129537394408,2.1952906601109694,1.255272505103306,0.47712125471966244,0.0,0.0,0.0,0.0,2.7585534363979214,2.3502625082225297,2.681725293467033,2.363208525313135,1.8507453899664847,3.5831391497894534,2.3634337963376524,1.823591520840082,0.7343036641155843,0.16529909153253874,0.7781512503836436,0.3010299956639812,1.1309201111971143,0.23615627326597208,-0.9461246192171454,Martinotti,NMO_79464
47,1.146128035678238,-0.26524118802375474,0.7781512503836436,0.5667320289862194,1.988960070390338,2.4938343229718565,1.944137073158098,0.6989700043360189,0.47712125471966244,0.0,0.3010299956639812,0.3010299956639812,0.0,2.5157248258276645,1.8886400166646495,2.2699130362848474,2.445447813338699,1.816310058537646,3.0204300411935705,2.628430486512612,1.9778948746584364,0.22124145515210228,-0.1475534338261837,0.0,0.0,0.2642699403261838,0.0977084251847108,0.0,Martinotti,NMO_36965
48,2.110589710299249,-0.35638843537056286,1.2304489213782739,0.9542425094393249,2.741017585324273,2.970407319863822,2.2420691123389402,1.0,0.8450980400142568,0.6989700043360189,0.3010299956639812,0.0,0.0,2.9057979717174085,1.8791456591047897,2.6389010683786527,2.3935243598967655,1.4902549580502673,3.610828889256117,2.3287579867577235,1.503102156466592,0.5968590494440925,-0.06857301026724319,1.3010299956639813,0.9030899869919435,1.2593725331842975,0.21357985005459812,-0.8095597146352678,bitufted,NMO_37099
49,1.568201724066995,-0.28332268590477805,1.0791812460476249,0.8388490907372553,2.5857990090130007,2.6554553925267945,2.1692040365236194,1.041392685158225,0.9030899869919435,0.0,0.6989700043360189,0.0,0.0,2.9695396643096332,2.1439813251009476,2.693860645026923,2.4216514126632243,1.8969050069848896,3.498964998312852,2.4916868145801865,1.9743748203642526,0.588161996521196,-0.024290757859935334,0.3010299956639812,0.3010299956639812,1.167651476136736,0.18818944512899496,-1.2671717284030137,bitufted,NMO_37244
50,1.7323937598229686,-0.4476663590575032,1.2304489213782739,0.9667590668613208,2.358772151492734,2.474536765872086,2.1879717016473967,0.9030899869919435,0.0,0.0,0.3010299956639812,0.0,0.0,2.572735912661396,1.4479303912818955,2.320226728637735,2.316912090391961,1.4840936798908448,3.239968535563336,2.450767269384655,1.612985201811525,0.5998830611469473,-0.14953077091193717,0.6020599913279624,0.3010299956639812,1.3254950101323444,0.23118345383654745,-1.130333768495006,bitufted,NMO_37110
51,1.568201724066995,-0.19927662222338077,1.146128035678238,0.8260748027008264,2.4245713154446564,2.7810944572599685,1.8399805576783426,1.146128035678238,0.7781512503836436,0.6020599913279624,1.0,0.3010299956639812,0.0,2.9702287289318177,1.881485000249398,2.7560616584925164,2.5375209212223497,1.8735882560234571,3.4756482473514194,2.7243267996994374,2.020016973759394,0.6232492706752575,-0.09120109810576447,0.6020599913279624,0.6020599913279624,1.5608525926084822,0.38121136133067907,-0.9661417327390326,bitufted,NMO_37776
52,1.568201724066995,-0.24824950222591394,1.0791812460476249,0.7032913781186614,2.3548572394741183,2.727565654909628,1.977128900580682,1.041392685158225,0.3010299956639812,0.3010299956639812,0.47712125471966244,0.0,0.0,2.921799951348659,1.9456816978958043,2.6162359131900326,2.5076251608152766,1.8340903744165689,3.4361503657445316,2.5099358712837643,1.9112587196369295,0.4133820049350083,-0.08059463504904696,0.47712125471966244,0.0,0.537258776330184,0.12212616599417878,-1.0910804693473326,bitufted,NMO_37324
53,1.7075701760979363,-0.17217716681805506,1.3424226808222062,1.0758172131012536,2.5375798525176476,2.6391177801421084,2.112504458767161,1.3010299956639813,0.6989700043360189,0.0,0.8450980400142568,0.3010299956639812,0.0,3.181430880281476,2.180181415985708,2.842585149349572,2.471664305949232,1.899839200608424,3.6322329604313923,2.707100985258525,2.042452457417823,0.4996870944145411,-0.1117742911682191,0.7781512503836436,0.47712125471966244,1.2305353589860561,0.20532287256647877,-0.9294189257142927,bitufted,NMO_61570
54,1.3617278360175928,-0.13877296836047612,0.9030899869919435,0.6569086593353074,2.32479671762173,2.560157797131627,1.5804687839510017,0.9542425094393249,0.0,0.0,0.47712125471966244,0.0,0.0,2.6889021631531183,1.5549044792656497,2.4744685548263483,2.2922741616008704,1.7666260453621627,3.1815993933329807,2.4528669478440306,1.9328005673511144,0.4343883940758442,-0.09981377051026881,0.3010299956639812,0.0,1.3872933190442447,0.29476983904837234,-1.0606978403536118,bitufted,NMO_37781
55,1.8692317197309762,-0.21927939761449342,1.3010299956639813,0.973247841024665,2.4763098141063655,2.624343986126047,2.194819489562035,1.041392685158225,0.3010299956639812,0.0,0.47712125471966244,0.0,0.0,3.0994817922258613,1.5966321426621088,2.801112977894873,2.35516211759742,1.5829855584678028,3.469476283640285,2.4311878036055488,1.6456531770899772,0.5649534529167519,-0.09029032265381637,0.8450980400142568,0.0,0.8817531696081762,0.11563216458667007,-1.0241336797167193,bitufted,NMO_37385
56,1.462397997898956,-0.17740930098359445,1.0,0.6962471460005455,2.4554844018035453,2.4424797690644486,2.058843414668761,0.9542425094393249,0.0,0.0,0.0,0.0,0.0,2.6587772512767436,1.8011860529980745,2.3749528350235973,2.269238362954132,1.724879936021503,3.230029914341409,2.377226632414755,1.7947271835136118,0.47197605633786943,0.012180044483159983,0.6020599913279624,0.3010299956639812,0.9915305100875541,0.15153155089413484,-0.8603380065709937,bitufted,NMO_37316
57,1.146128035678238,-0.17609125905568118,0.8450980400142568,0.5619427681199799,1.966188680956137,2.591231611251554,2.044539760392411,0.6989700043360189,0.3010299956639812,0.0,0.0,0.0,0.0,2.692404723577626,1.9388425056511778,2.4488854040993,2.129163641730813,1.6700326107168202,2.9004815320950943,2.116465953838213,1.655643299069045,0.46715600806349655,0.07257968644306718,0.0,0.0,0.86094589753049,0.2064347670974922,-1.1461280356782382,bitufted,NMO_37127
58,1.6434526764861874,-0.25348166467415556,1.0791812460476249,0.7656527048846704,2.394469192347434,2.7204156682759466,2.257366538585015,1.0,0.9030899869919435,0.3010299956639812,0.6020599913279624,0.0,0.0,2.6181341825632014,1.8287065107166391,2.4254731753039853,2.2738351806984003,1.7582413581701757,3.430339216105893,2.4191630184422754,1.8432819205698825,0.5308397761766059,-0.02150729937011587,0.47712125471966244,0.3010299956639812,1.0474341696484437,0.17759526444075754,-1.166331421766525,bitufted,NMO_37302
59,1.6127838567197355,-0.26966525600156116,1.041392685158225,0.7712023904283158,2.2158753954612758,2.6057897198025644,1.8585371975696392,1.1760912590556813,0.0,0.0,0.0,0.0,0.0,2.749991488979806,2.0501343780438246,2.5866260893497777,2.2648731428930193,1.7715363774008774,3.394785667798778,2.3619509532297567,1.8523748625462848,0.28103335965812426,-0.06733779813525853,0.3010299956639812,0.3010299956639812,0.6922341102884153,0.18224777067434264,-1.3117538610557542,bitufted,NMO_61580
60,1.7481880270062005,-0.21602112663370843,0.9542425094393249,0.7120215719666095,2.6211347205058613,2.7250863422006524,2.1351008337657196,1.2041199826559248,1.1760912590556813,0.3010299956639812,0.7781512503836436,0.3010299956639812,0.0,2.7224796286104715,1.9589032687874564,2.5213911480155233,2.4955831329217775,1.887367572057343,3.6582195836994873,2.579537997518024,1.9699609313706825,0.6180150408923308,-0.030231155492047676,0.47712125471966244,0.0,1.0933638529790823,0.14810211597283557,-1.271066772286538,bitufted,NMO_37704
61,1.8129133566428555,-0.21250326707675277,1.255272505103306,1.0384799010543388,2.5058957812197504,2.751340701668986,2.059828381640983,1.2787536009528289,0.6020599913279624,0.3010299956639812,0.6020599913279624,0.3010299956639812,0.0,3.023289582854823,1.8915927874803373,2.791356634535673,2.5453939284218383,1.7453834600678562,3.5778923727740923,2.6996652431628405,1.853221986980686,0.5682203721790946,-0.06178835809940179,0.8450980400142568,0.6020599913279624,1.0633592686190139,0.16869804335416486,-0.9678153166285988,bitufted,NMO_37296
62,1.8388490907372552,-0.2940584551507091,1.1139433523068367,0.8398968463284491,2.313614159578132,2.7203825974402474,2.1530828043618317,0.9030899869919435,0.6020599913279624,0.0,0.0,0.0,0.0,2.8397869376963176,2.252149729496156,2.674106766722341,2.238154259897577,1.5541527521843106,3.411485248615579,2.452047533990086,1.6786080467592348,0.36571825306099054,-0.21430495124251892,1.0791812460476249,0.6020599913279624,0.8430146870108028,0.1864250967468938,-0.7596678446896306,bitufted,NMO_37096
63,1.414973347970818,-0.21292637393775848,1.041392685158225,0.7524458501487418,2.3792148413786265,2.5688585377113236,1.988603543345664,0.7781512503836436,0.3010299956639812,0.0,0.47712125471966244,0.0,0.0,2.919904474346884,1.8685591043784204,2.6311155496778156,2.360360914627737,1.817740887098848,3.280138884997804,2.4854330927421437,1.8996688855406778,0.2780467371739741,-0.13370798795266234,0.47712125471966244,0.3010299956639812,0.975590102990319,0.1987607535386164,-0.9378520932511555,bitufted,NMO_37691
64,1.919078092376074,-0.22836892544135703,1.146128035678238,0.8999222524379649,2.5240844088430863,2.8259775617073455,2.365824806859364,1.2041199826559248,1.146128035678238,0.47712125471966244,0.6020599913279624,0.0,0.0,2.940532023443947,2.1420492754872273,2.680935869241357,2.4761146725392273,1.7694386083805984,3.7039370596241663,2.479715722111977,1.8498341179364974,0.5616975303814256,-0.12723531751780792,0.6020599913279624,0.0,1.076117759661221,0.1731743002558897,-1.3170181010481115,double-bouquet,NMO_37184
65,1.5563025007672873,-0.20682543802984896,1.0,0.7269987279362623,2.4755840301848115,2.8015683402247484,2.2297074334600717,1.0791812460476249,0.8450980400142568,0.3010299956639812,0.7781512503836436,0.3010299956639812,0.3010299956639812,2.8681554024571403,2.0242111421456754,2.5241316848588067,2.5101119250859214,1.8562569344507176,3.447321541477217,2.7016743791953486,1.999751826116009,0.5094038674446015,-0.03222439565096896,0.0,0.0,1.2814214052653505,0.14222560993489855,-1.5563025007672873,double-bouquet,NMO_37171
66,1.7708520116421442,-0.14821390572661672,1.255272505103306,1.0420502091019967,2.423114746374851,2.6132390976161384,2.1595070374773218,1.146128035678238,0.47712125471966244,0.0,0.3010299956639812,0.0,0.0,2.98423179437562,2.1620279386084276,2.849294756010113,2.3775443243557053,1.6889288825348232,3.467080132918467,2.4502895144226366,1.7797338169981551,0.3138672334377974,-0.10469350459032277,1.0,0.9030899869919435,0.7670770360922956,0.23880039921803164,-0.7708520116421442,double-bouquet,NMO_37148
67,1.7558748556724915,-0.1814908716824795,1.1139433523068367,0.9057958803678685,2.329519912185871,2.8816642044897436,2.2226904647113406,1.0791812460476249,0.6989700043360189,0.0,0.0,0.0,0.0,2.819362522410302,1.5602848107741623,2.6335024997612977,2.3105689358564736,1.6558079719805487,3.4339592223641926,2.3558882636148946,1.689796276531556,0.5854607187506955,0.0029772971643682875,0.9030899869919435,0.6020599913279624,1.2841050175595254,0.2531675155960946,-0.8527848686805478,double-bouquet,NMO_37178
68,1.414973347970818,-0.21430487321723463,0.8450980400142568,0.6448119717489122,2.3332658607261734,2.868203455637116,2.037625669914719,0.8450980400142568,0.3010299956639812,0.0,0.3010299956639812,0.0,0.0,2.8134436412170487,2.0044437704411067,2.590398722078645,2.6220835898617034,1.8216312253300142,3.2840292232289703,2.5369027816694145,1.8325696030210625,0.45078253379729183,0.04466794516939045,0.3010299956639812,0.0,0.7399909450640536,0.1380503475670432,-1.1139433523068367,double-bouquet,NMO_37363
69,1.568201724066995,-0.18759108560716442,0.9542425094393249,0.6483600109809317,2.072102778885176,2.7951428285898485,1.8677620246502007,1.0,0.9542425094393249,0.6989700043360189,0.6989700043360189,0.47712125471966244,0.0,2.9262188915365916,2.0171003397742684,2.5950096932845415,2.493110245005957,1.8730876331078445,3.475147624435807,2.634135834004909,1.9870492654995775,0.10420162288865088,-0.20828112203284826,0.6020599913279624,0.0,0.34720793898165747,0.19363158824005833,-0.9661417327390326,double-bouquet,NMO_37699
70,1.5563025007672873,-0.15675070848987419,1.041392685158225,0.6967371229037268,2.240823715517666,2.7065300309808533,1.9330821623697911,0.9542425094393249,0.3010299956639812,0.0,0.3010299956639812,0.0,0.0,2.709749897320712,1.8909808911980235,2.437143777537359,2.4055368328811424,1.7090972945868974,3.3001619016133965,2.5219901641647793,1.7944218332013082,0.34371533745507643,-0.10694475940305985,0.6989700043360189,0.3010299956639812,0.535831912661118,0.17558162721946244,-0.8573324964312684,double-bouquet,NMO_37695
71,1.806179973983887,-0.19885507600892527,1.1139433523068367,0.8614541585138079,2.535724402806199,2.8645526099658296,1.9017306917292187,1.041392685158225,0.6989700043360189,0.6989700043360189,0.0,0.0,0.0,2.871741235138379,1.8460556067527003,2.585471334208815,2.274812354986806,1.6999158887310932,3.52599069143192,2.2903379409907902,1.6728484437964253,0.42635871180089824,0.06592842622549447,0.8450980400142568,0.3010299956639812,0.6439528580940479,0.1821035999215468,-0.9610819339696304,double-bouquet,NMO_37469
72,1.6020599913279625,-0.22322524354192722,1.2787536009528289,0.9782548524277552,2.3289094048711885,2.85536164235781,1.813514271541883,0.8450980400142568,0.0,0.0,0.0,0.0,0.0,3.0141490286127555,1.8282546454084898,2.6076283644877107,2.338643499568423,1.6805989117080113,3.3140673672875978,2.267221536504652,1.6114809132999401,0.6446956500396931,0.20908130843500483,0.3010299956639812,0.0,0.6774570992347898,0.18028298336192614,-1.3010299956639813,double-bouquet,NMO_37422
73,1.6434526764861874,-0.32094273010901075,1.146128035678238,0.8316928251214637,2.2971474718012694,2.512030328087411,2.046143840749226,1.0,0.0,0.0,0.3010299956639812,0.0,0.0,2.749375123382269,2.0055028746955625,2.5314646652676536,2.280343335866475,1.6963529033320912,3.3684507612678085,2.328472836547527,1.7515906591362904,0.4899584673614706,-0.01551474163338108,1.041392685158225,0.47712125471966244,0.7660373035655488,0.25122812022203017,-0.6020599913279624,double-bouquet,NMO_37762
74,1.7242758696007892,-0.22609776544546212,1.0791812460476249,0.8117185980299121,2.3699205499219165,2.587587504596032,1.865932668193186,1.3010299956639813,0.6020599913279624,0.0,1.0,0.6989700043360189,0.3010299956639812,2.8016913135179,1.1443658814556836,2.500473725807576,2.3572854738959057,1.8311573343594436,3.579345361365644,2.741558557054315,2.054973788049166,0.12057394846316173,-0.2516080351197247,0.7781512503836436,0.6020599913279624,0.760315136862207,0.17685935466512895,-0.9461246192171454,double-bouquet,NMO_61613
75,1.7403626894942439,-0.14197869377817904,1.3424226808222062,1.040711438772413,2.441428037023599,2.6513846357147846,2.040879124515787,1.380211241711606,0.6020599913279624,0.0,0.6989700043360189,0.3010299956639812,0.0,3.1789697777780166,1.7861948015320817,2.8758900641940173,2.431571076336248,1.889884524491759,3.653312518054696,2.5869918080425593,1.9695143650225022,0.16731734320073716,-0.08371481781481917,1.1139433523068367,0.8450980400142568,0.6681375308859285,0.2187758717300608,-0.626419337187407,double-bouquet,NMO_61618
76,1.5314789170422551,-0.17539267290019245,1.0791812460476249,0.7306513523427116,2.2217792569396893,2.8432203160976384,1.9408152086508013,1.1139433523068367,0.9030899869919435,0.6020599913279624,0.7781512503836436,0.3010299956639812,0.0,2.9264989822484284,2.2094102882394373,2.702888715122767,2.501844524986752,1.9906079676914201,3.558809691758415,2.593525370854917,2.0595192401418334,0.2555377250484216,-0.0683940414448144,0.6989700043360189,0.0,0.47772647341377716,0.13030998016902687,-0.8325089127062363,double-bouquet,NMO_37694
77,1.0,-0.21230343171012592,0.6989700043360189,0.4423591484604505,1.7939300067726847,2.2570062179123065,1.252853030979893,0.0,0.0,0.0,0.0,0.0,0.0,2.283256039564163,1.6184580387638132,2.100001755837486,1.887780753953134,1.5508088974027041,2.6647522497095406,1.9101561315892441,1.5921332003900324,0.1957171991100904,-0.053307604531787886,0.0,0.0,0.3047649066344336,0.12895556152778095,-1.0,double-bouquet,NMO_37724
78,1.6532125137753437,-0.26137602014904165,1.1760912590556813,0.9510839901944952,2.2300911197487467,2.54079230865038,1.7762652182681096,0.9542425094393249,0.0,0.0,0.0,0.0,0.0,2.7310480724154638,1.9573527308964551,2.552705515411986,2.0554703374135244,1.5552529701896909,3.218010801871265,2.089281467348884,1.515830019428739,0.6636762950996495,0.13996749390781874,0.8450980400142568,0.6989700043360189,0.8667983760503928,0.20620149901369944,-0.8081144737610868,double-bouquet,NMO_37423
79,1.568201724066995,-0.19753610063484758,1.255272505103306,0.985650973690949,2.447390626803587,2.667331520253101,2.0817792267675332,1.1139433523068367,0.47712125471966244,0.0,0.8450980400142568,0.47712125471966244,0.0,3.146188982003566,2.1204344863711473,2.915884213913444,2.6037422579039027,1.8575422075818464,3.4596021989098085,2.7380353005843934,2.0405106722737414,0.28330121899631144,-0.2015811707073386,1.0,0.9030899869919435,0.9610787047153517,0.28184985393790174,-0.568201724066995,double-bouquet,NMO_37475
80,1.5314789170422551,-0.1901885366636168,1.0,0.7781512503836436,2.4861044585351344,2.8344715697488083,2.1757147073086953,0.9542425094393249,0.0,0.0,0.47712125471966244,0.0,0.0,2.9327163518658983,1.9410176788614542,2.6208313625786412,2.356000250336675,1.8113647414592378,3.3795664655262327,2.4625851264552368,1.9746281072692988,0.33041379463858483,-0.21644256656970406,0.8450980400142568,0.3010299956639812,0.8496659615069825,0.15066991437085142,-0.6863808770279983,basket,NMO_37188
81,1.7075701760979363,-0.2772521492173961,1.3010299956639813,0.9983885158434207,2.403274985811686,2.6768855710706196,1.9074113607745862,1.1139433523068367,0.3010299956639812,0.0,0.0,0.0,0.0,3.0311946176558138,2.204156022180643,2.803966238657699,2.241986675756724,1.6561223727038572,3.3885161325268256,2.2340113743804544,1.7084381696650512,0.5241887737686166,-0.06120969902248966,1.0,0.9030899869919435,1.3899718128615652,0.37365894134952893,-0.7075701760979364,basket,NMO_37015
82,1.6812412373755872,-0.2571993416490987,1.146128035678238,0.7989348563069357,2.3549723250189762,2.5865197925102743,1.814913181275074,0.9030899869919435,0.0,0.0,0.0,0.0,0.0,2.772422533533278,1.5004624012077095,2.3658802368966856,2.3065571434723786,1.6106937785920699,3.318263954690006,2.4279347188852003,1.7164440579302105,0.5723460890656471,-0.08112402246698716,1.041392685158225,0.8450980400142568,0.6158153038613018,0.21941867169474738,-0.6398485522173621,basket,NMO_37841
83,1.7160033436347992,-0.16254346182181575,1.1139433523068367,0.9205027885096254,2.297454099619072,2.622597359604622,2.1689686465547657,0.9542425094393249,0.0,0.0,0.47712125471966244,0.0,0.0,2.80517903073801,1.7685871306538439,2.5444024002696626,2.3560931841677957,1.7389639467983447,3.4793266362925883,2.4332016499273417,1.7928498879062635,0.7431176132421888,0.11777557585858066,0.6989700043360189,0.47712125471966244,1.5296209504273928,0.2581094690611396,-1.0170333392987803,basket,NMO_37505
84,1.6434526764861874,-0.2514948712509091,1.2787536009528289,0.9981479951384066,2.5214649896147696,2.6740523984521385,2.282032685605381,1.1760912590556813,0.7781512503836436,0.0,0.9030899869919435,0.0,0.0,3.0876349068013815,2.3132291453311864,2.852653119806237,2.3927970641274374,1.85353305949507,3.5256309174307874,2.4641955523140098,1.9088733253901473,0.25103842204824683,-0.05751741372816183,1.0,0.6020599913279624,0.6943568399161485,0.22958121754549968,-0.6434526764861874,basket,NMO_37311
85,1.7853298350107671,-0.19611693384856396,1.3010299956639813,0.9420080530223133,2.6186964380204825,2.742874320779152,2.2724682104879537,1.0791812460476249,0.9542425094393249,0.6989700043360189,0.9542425094393249,0.8450980400142568,0.3010299956639812,3.0784886447566993,2.446370818859793,2.7420798848277403,2.4733423146691815,1.7870446941928366,3.5932246681767235,2.6403991183267905,1.9693701109515698,0.7190649082137454,-0.06667183203055564,0.7781512503836436,0.7781512503836436,1.308318441452847,0.2438948706379736,-1.0071785846271235,basket,NMO_37117
86,1.6127838567197355,-0.3050330186860488,1.041392685158225,0.7990270925782612,2.8362734661665576,2.6276627960937486,1.4409090820652177,1.1760912590556813,0.8450980400142568,0.47712125471966244,0.7781512503836436,0.0,0.0,2.7649128921712642,1.831874140691361,2.497081409637202,2.4623454345858224,1.8689573274740945,3.512410003960282,2.5219613406985224,1.8718601556632228,0.5728716033079013,0.19741694158265957,0.9030899869919435,0.3010299956639812,1.127806833336233,0.2847731696514131,-0.7096938697277919,basket,NMO_06143
87,1.5440680443502757,-0.1731814023949194,1.2304489213782739,0.9115780972174625,2.523160944988602,2.7652064520900406,2.2362096537170593,1.0791812460476249,0.9542425094393249,0.0,0.9542425094393249,0.6020599913279624,0.3010299956639812,3.067107523889022,1.9177817947953741,2.77320943695239,2.470455481315054,1.9184918633123924,3.4982754599292027,2.6241595255664563,2.0548125986357437,0.4624809470582685,-0.11350001745633097,0.7781512503836436,0.6020599913279624,1.4822760433299296,0.4485353124310457,-0.765916793966632,basket,NMO_37112
88,1.5314789170422551,-0.2398828076428612,1.0791812460476249,0.8101961768811428,2.4129474905873636,2.5367982483044185,1.9522595365908204,1.1139433523068367,0.3010299956639812,0.0,0.7781512503836436,0.3010299956639812,0.0,2.807597240846128,1.3158470678396248,2.4907071568829062,2.418928853458546,1.8171103286523649,3.3853120527193594,2.5675735089969134,1.9491525194955523,0.2000647650894031,-0.13121672544135302,0.47712125471966244,0.3010299956639812,0.5798462888609237,0.13308320566555248,-1.0543576623225928,basket,NMO_79468
89,1.9731278535996986,-0.2691936727410209,1.3424226808222062,0.9900366030718214,2.5547676975280766,2.7050764816562776,2.277471685042826,1.2304489213782739,0.6020599913279624,0.3010299956639812,0.0,0.0,0.0,3.1075712005734166,1.7420060750062407,2.7577779139840017,2.2616856426011296,1.7067184686399919,3.693490202906237,2.3511911794039815,1.8244887599982698,0.49623754384560126,-0.1673073451776925,1.462397997898956,0.9030899869919435,1.0485138051130714,0.2554201583300885,-0.5107298557007426,basket,NMO_37310
90,1.5185139398778875,-0.2014210957813335,1.1139433523068367,0.7958800173440752,2.3861956561205666,2.60182106365178,2.2581342249927707,1.0791812460476249,0.3010299956639812,0.0,0.6020599913279624,0.0,0.0,2.722409287727655,1.6786926274076015,2.44136734634879,2.3401788116106603,1.7637157871379778,3.320018287905265,2.423722231508271,1.8063957105876702,0.736794748850293,0.16524078385844276,0.47712125471966244,0.47712125471966244,1.0243749013612138,0.13481841093267918,-1.041392685158225,basket,NMO_37529
91,1.4471580313422192,-0.1356396240639336,1.0791812460476249,0.6933297369833261,2.377979759421654,2.72879191425378,2.0377849417536376,1.0,0.8450980400142568,0.0,0.7781512503836436,0.6020599913279624,0.3010299956639812,2.9808702544662427,2.0632710805213272,2.678658885444882,2.554849624856563,1.9566190271581694,3.4479807209924425,2.744271589392415,2.077990281646449,0.49992878712068295,-0.08420628113598345,0.6989700043360189,0.47712125471966244,0.7916611656146878,0.1449692683878342,-0.7481880270062005,basket,NMO_37844
92,1.9590413923210936,-0.22423047926498602,1.255272505103306,0.9537288553499937,2.5305966591759805,2.4636392032958447,1.9200711242975241,1.3979400086720377,0.0,0.0,0.47712125471966244,0.0,0.0,2.9504454351877625,1.9125908946219237,2.633811203563624,2.3898662642213364,1.7111609231993772,3.6842887767990757,2.5020828450065693,1.8294024557894377,0.3242667323853604,-0.15631232058766042,1.1139433523068367,0.0,0.4516897635288082,0.1850038515782494,-0.8450980400142569,basket,NMO_79469
93,1.568201724066995,-0.06694678963061322,1.3424226808222062,1.0334237554869496,2.2509808070963495,2.2190865571692524,1.9660947794461707,0.6020599913279624,0.0,0.0,0.0,0.0,0.0,2.900647435219511,1.8301184744477548,2.6493608178494563,2.184854505818318,1.6232828277753042,3.225342819103267,2.245960912504979,1.6533538693463103,0.23475529406612888,-0.007598485342191925,0.7781512503836436,0.3010299956639812,0.5204785183017944,0.13235535106775906,-0.7900504736833514,basket,NMO_37137
94,0.9542425094393249,-0.07918124604762486,0.7781512503836436,0.5797835966168101,1.91232835796041,2.287264125798977,1.4199557484897578,0.0,0.0,0.0,0.0,0.0,0.0,2.480198761707776,1.0788868224508692,2.083388979650957,2.2002255832048654,1.5460112170012796,2.5460112170012796,2.4213260785630855,1.7166240275621822,0.09989553850098694,-0.1750100364496934,0.47712125471966244,0.3010299956639812,0.8131447938261417,0.2639378162821268,-0.4771212547196625,basket,NMO_37862
95,1.8864907251724818,-0.20124893455370818,1.505149978319906,1.212187604403958,2.3844967811378686,2.7835319842742696,2.313234291694724,1.0,0.8450980400142568,0.3010299956639812,0.8450980400142568,0.0,0.0,3.3055797848225112,1.9386268629356267,3.031352087864096,2.5339774755401785,1.7338760129491957,3.6369659999411392,2.6486149008711104,1.8157645650398777,0.39880772937656683,-0.12424885769782554,1.2041199826559248,0.8450980400142568,0.8081106321808065,0.19275045612342423,-0.682370742516557,basket,NMO_37504
